치매안심센터명,시도,시군구,우편번호,주소1,주소2,도로명코드,법정동코드,행정동코드,위도,경도,홈페이지,전화번호,팩스번호,개소일
서울특별시강남구치매안심센터,서울특별시,강남구,06153,"서울 강남구 선릉로108길 27 (삼성동, 강남구치매지원센터)","4층, 5층",4166442,1168010500,1168058000,37.5103126,127.0463796,gangnam.nid.or.kr,02-568-4203,02-568-4280,2018-12-18
서울특별시강동구치매안심센터,서울특별시,강동구,05397,"서울 강동구 성내로 45 (성내동, 강동구보건소)",별관 강동구치매안심센터,3124006,1174010800,1174064000,37.52954199,127.1255855,gangdong.nid.or.kr,02-489-1130,02-489-1137,2018-10-01
서울특별시강북구치매안심센터,서울특별시,강북구,01098,"서울 강북구 삼양로 335-1 (수유동, 수유보건지소)",2층 강북구치매안심센터,3108006,1130510300,1130561500,37.63341432,127.0171553,gangbuk.nid.or.kr,02-991-9830,02-991-1177,2018-11-05
서울특별시강서구치매안심센터,서울특별시,강서구,07590,서울 강서구 화곡로 371 (등촌동),3층,3005069,1150010200,1150052000,37.55695579,126.8522421,gangseo.nid.or.kr,02-3663-0943,02-3663-0909,2018-07-02
서울특별시관악구치매안심센터,서울특별시,관악구,08832,"서울 관악구 관악로 145 (봉천동, 관악구청)","별관 3, 4층",3120001,1162010100,1162052500,37.47821067,126.9515012,gwanak.nid.or.kr,02-879-4910,02-879-7910,2018-07-10
서울특별시광진구치매안심센터,서울특별시,광진구,04922,"서울 광진구 긴고랑로 110 (중곡동, 중곡종합건강센터)",3층 광진구치매안심센터,3104006,1121510100,1121574000,37.55933773,127.0870912,gwangjin.nid.or.kr,02-450-1381,02-3425-2102,2018-07-01
서울특별시구로구치매안심센터,서울특별시,구로구,08227,"서울특별시 구로구 디지털로 243, 2층(구로동, 지하이시티 2층)",213호 구로구치매안심센터,3000028,1153010600,1153072000,37.48199214,126.8923489,guro.nid.or.kr,02-2612-7041~4,02-2612-7045,2018-07-01
서울특별시금천구치매안심센터,서울특별시,금천구,08523,"서울 금천구 시흥대로123길 11 (독산동, 독산1동주민센터)","6층, 7 층",4151259,1154510200,1154561000,37.47021905,126.8970437,geumcheon.nid.or.kr,02-3281-9082,02-857-0330,2018-01-01
서울특별시노원구치매안심센터,서울특별시,노원구,01616,"서울 노원구 수락산로 212-20 (상계동, 마들보건지소)",4~5층,3005047,1135010500,1135062400,37.6714151,127.0552421,nowon.nid.or.kr,02-911-7778,02-911-7760,2018-01-02
서울특별시도봉구치매안심센터,서울특별시,도봉구,01331,"서울 도봉구 마들로 650 (방학동, 도봉월드상가)",4층 도봉구치매안심센터,3109006,1132010600,1132069000,37.66802835,127.0470647,dobong.nid.or.kr,02-955-3591,02-955-3596,2018-12-13
서울특별시동대문구치매안심센터,서울특별시,동대문구,02470,서울 동대문구 홍릉로 81 (청량리동),"홍릉문화복지센터 1,2층",3105018,1123010700,1123070500,37.58751632,127.0427076,dongdaemun.nid.or.kr,02-957-3062,02-957-3065,2008-04-01
서울특별시동작구치매안심센터,서울특별시,동작구,07023,"서울 동작구 남부순환로 2025 (사당동, 동작구치매안심센터)",동작구치매안심센터,2000003,1159010700,1159062000,37.47643044,126.9736224,dongjak.nid.or.kr,02-598-6088,02-6280-6099,2018-12-31
서울특별시마포구치매안심센터,서울특별시,마포구,04123,서울 마포구 대흥로24길 50 (염리동),3층 치매안심센터,3113004,1144010900,1144059000,37.55463975,126.9487442,mapo.nid.or.kr,02-3272-1578,02-3272-1590,2018-04-04
서울특별시서대문구치매안심센터,서울특별시,서대문구,03653,"서울 서대문구 연희로 290 (홍은동, 서대문보건소별관우리들)",서대문구치매안심센터,3112019,1141011800,1141066000,37.58292926,126.9364454,seodaemun.nid.or.kr,02-379-0183,02-379-0104,2018-01-01
서울특별시서초구치매안심센터,서울특별시,서초구,06563,서울 서초구 방배중앙로 118 (방배동),3층,3121011,1165010100,1165066000,37.48985373,126.9877701,seocho.nid.or.kr,02-591-1833,02-6959-6988,2018-06-30
서울특별시성동구치매안심센터,서울특별시,성동구,04768,"서울 성동구 왕십리로5길 3 (성수동1가, 성수1가제2동 공공복합청사)",5층,4109323,1120011400,1120065000,37.54640255,127.0443497,seongdong.nid.or.kr,02-499-8071,02-499-8075,2018-01-01
서울특별시성북구치매안심센터,서울특별시,성북구,02751,"서울 성북구 화랑로 63 (하월곡동, 성북구보건소)",5층,3005046,1129013600,1129068500,37.60271066,127.0395333,seongbuk.nid.or.kr,02-918-2223,02-918-2216,2007-06-27
서울특별시송파구치매안심센터,서울특별시,송파구,05792,"서울 송파구 충민로 184 (장지동, 구립송파노인요양센터)",송파구 치매안심센터(1층),3123017,1171010900,1171064200,37.48579492,127.1343222,songpa.nid.or.kr,02-2147-5050,02-2147-3984,2018-04-01
서울특별시양천구치매안심센터,서울특별시,양천구,07921,서울 양천구 남부순환로 407 (신월동),"신월보건지소 3,4층",2000003,1147010300,1147056000,37.53133706,126.8318233,yangcheon.nid.or.kr,02-2698-8680,02-2698-8682,2018-01-01
서울특별시영등포구치매안심센터,서울특별시,영등포구,07261,서울 영등포구 당산로29길 9 (당산동3가),3층,4154107,1156011300,1156055000,37.52598149,126.8939756,yeongdeungpo.nid.or.kr,02-831-0855,,2018-01-01
서울특별시용산구치매안심센터,서울특별시,용산구,04390,"서울 용산구 녹사평대로 150 (이태원동, 용산구종합행정타운)",보건소 지하2층,2005002,1117013000,1117065000,37.53245229,126.9904788,yongsan.nid.or.kr,02-790-1541,02-790-1544,2018-01-02
서울특별시은평구치매안심센터,서울특별시,은평구,03347,"서울 은평구 연서로34길 11 (불광동, 보건분소)",불광보건지소 1층,4133166,1138010300,1138052000,37.62156247,126.9276913,eunpyeong.nid.or.kr,02-388-8233,02-388-8235,2018-12-19
서울특별시종로구치매안심센터,서울특별시,종로구,03011,"서울 종로구 평창문화로 50 (평창동, 종로구치매안심센터)",종로구치매안심센터,3100023,1111018300,1111056000,37.60542184,126.9669251,jongno.nid.or.kr,02-3675-9001,02-3675-9007,2019-12-31
서울특별시중구치매안심센터,서울특별시,중구,04579,"서울 중구 퇴계로 460 (신당동, 중구종합복지센터)",11층,3101011,1114016200,1114061500,37.56509826,127.0227631,junggu.nid.or.kr,02-2238-3400,02-2238-5995,2019-12-31
서울특별시중랑구치매안심센터,서울특별시,중랑구,02076,"서울 중랑구 봉화산로 190 (신내동, 중랑구청 제2청사)",6층,3106003,1126010600,1126052000,37.60625232,127.0941678,jungnang.nid.or.kr,02-435-7540,02-435-7547,2018-01-01
부산광역시강서구치매안심센터,부산광역시,강서구,46706,"부산 강서구 낙동북로102번길 76 (강동동, 강동보건지소)",2층 치매안심센터,4208163,2644010300,2644053000,35.2162043,128.937671,bsgangseo.nid.or.kr,051-970-2600,051-970-4799,2018-11-15
부산광역시금정구치매안심센터,부산광역시,금정구,46274,"부산 금정구 중앙대로 1777 (부곡동, 금정구청)",금정구청 별관4층 치매안심센터,2000010,2641010900,2641057000,35.24205404,129.0924545,bsgj.nid.or.kr,051-519-5678,,2018-06-20
부산광역시기장군치매안심센터,부산광역시,기장군,46014,"부산 기장군 정관읍 용수로 11 (용수리, 정관보건지소)",정관보건지소,2006018,2671025000,2671025000,35.32519724,129.1793766,gijang.nid.or.kr,051-709-2984,051-727-0322,2018-11-05
부산광역시남구치매안심센터,부산광역시,남구,48452,"부산 남구 못골로 23 (대연동, 남구보건소)",남구보건소 3층,3131008,2629010600,2629051000,35.13606784,129.0849507,bsnamgu.nid.or.kr,051-607-3781,051-607-3789,2025-06-16
부산광역시동구치매안심센터,부산광역시,동구,48782,"부산 동구 구청로 14 (수정동, 동구보훈회관)",5~6층,3127003,2617010200,2617056000,35.1283296,129.0450647,bsdonggu.nid.or.kr,051-440-6441,,2018-03-21
부산광역시동래구치매안심센터,부산광역시,동래구,47741,"부산 동래구 명륜로187번길 56 (명륜동, 동래구보건소)",4층 치매안심센터,4190113,2626010700,2626054500,35.21141256,129.0798533,dongnae.nid.or.kr,051-550-6767,051-550-6749,2018-06-22
부산광역시부산진구치매안심센터,부산광역시,부산진구,47104,부산 부산진구 새싹로 253 (초읍동),부산진구 치매안심센터,4187803,2623010400,2623052000,35.17870907,129.04755,busanjin.nid.or.kr,051-605-6107,051-605-5999,2018-12-28
부산광역시북구치매안심센터,부산광역시,북구,46575,"부산 북구 덕천로 123 (덕천동, 덕천3동공영주차장)",행복키움센터 4층 치매안심센터,2132001,2632010400,2632054100,35.2105403,129.0181319,bsbukgu.nid.or.kr,051-309-5281,051-309-5299,2019-08-27
부산광역시사상구치매안심센터,부산광역시,사상구,46985,"부산 사상구 학감대로 242 (감전동, 사상구청)",사상구 보건소 2층,2006017,2653010500,2653064500,35.15255072,128.9914561,sasang.nid.or.kr,051-310-4853,051-310-4799,2019-07-15
부산광역시사하구치매안심센터,부산광역시,사하구,49347,부산 사하구 까치고개로 50-10 (실버힐링센터 2-3층),실버힐링센터,4202500,2638010400,2638057100,35.10448398,129.0063462,saha.nid.or.kr,051-220-5971~5,051-202-5720,2019-05-14
부산광역시서구치매안심센터,부산광역시,서구,49252,부산 서구 구덕로 127 (토성동5가),서구가족센터 4층,3126008,2614011800,2614059000,35.09633258,129.022058,bsseogu.nid.or.kr,051-240-4912,051-240-4799,2019-09-30
부산광역시수영구치매안심센터,부산광역시,수영구,48247,"부산 수영구 수영로 637-5 (광안동, 수영구 보건소)","별관, 수영구치매안심센터",3131037,2650010400,2650076000,35.1624774,129.1134882,suyeong.nid.or.kr,051-610-4901,,2018-12-19
부산광역시연제구치매안심센터,부산광역시,연제구,47600,부산 연제구 중앙대로1038번길 40 (연산동),시청앞 행복주택 204동(연제구 건강관리센터) 3~4층,4211348,2647010200,2647065000,35.17925419,129.0784461,yeonje.nid.or.kr,051-665-5460,051-665-5439,2018-11-29
부산광역시영도구치매안심센터,부산광역시,영도구,49011,"부산 영도구 태종로 423 (청학동, 영도구청)",영도구 보건소 신관 1층,3006003,2620012000,2620063000,35.09121745,129.0679105,yeongdo.nid.or.kr,051-419-4954,,2018-12-18
부산광역시중구치매안심센터,부산광역시,중구,48962,부산 중구 흑교로 48 (보수동1가),중구복합건강센터 2층,3125015,2611012000,2611054500,35.10377395,129.0253563,bsjunggu.nid.or.kr,051-600-4688,,2019-03-06
부산광역시해운대구치매안심센터,부산광역시,해운대구,48104,"부산 해운대구 양운로37번길 59 (좌동, 해운대구보건소)","2관 치매안심센터 3층,4층",4199125,2635010700,2635055100,35.1641127,129.1786594,haeundae.nid.or.kr,051-749-0770,051-749-7589,2019-05-16
대구광역시남구치매안심센터,대구광역시,남구,42424,"대구 남구 영선길 34 (대명동, 남구 보건소)",5층 치매안심센터,2007001,2720010300,2720056000,35.85389994,128.5915237,namdaegu.nid.or.kr,053-664-6300,053-664-3709,2019-06-11
대구광역시달서구치매안심센터,대구광역시,달서구,42674,"대구 달서구 와룡로 106(본리동, 달서구 치매안심센터)",달서구치매안심센터,4241433,2729011400,2729059000,35.842085,128.5376247,dalseo.nid.or.kr,053-667-5771,053-667-5779,2019-05-20
대구광역시달성군치매안심센터,대구광역시,달성군,43004,대구 달성군 현풍읍 현풍중앙로 27 (하리),달성군보건소 5층 달성군치매안심센터,4244304,2771026524,2771026200,35.69200624,128.4462105,dalseong.nid.or.kr,053-668-3841,053-282-8141,2019-04-24
대구광역시동구치매안심센터,대구광역시,동구,41143,"대구 동구 동촌로 79 (검사동, 동구보건소)",4층 치매안심센터,3142010,2714011000,2714061500,35.88812209,128.6512166,dongdaegu.nid.or.kr,053-662-3175,053-662-3199,2018-12-20
대구광역시북구치매안심센터,대구광역시,북구,41550,"대구 북구 성북로 49 (침산동, 북구보건소)",5층,3145032,2723010600,2723055000,35.891715,128.588813,bukdaegu.nid.or.kr,053-665-3135,053-665-3279,2019-07-04
대구광역시서구치매안심센터,대구광역시,서구,41735,대구 서구 북비산로71길 7 (비산동),서구치매안심센터,3007001,2717010200,2717062000,35.88016148,128.5723999,dgs.nid.or.kr,053-663-3811,053-663-3819,2019-05-16
대구광역시수성구치매안심센터,대구광역시,수성구,42152,"대구 수성구 수성로 213 (중동, 수성구보건소)",별관 2~3층,3146017,2726010800,2726061000,35.84495927,128.6119385,suseong.nid.or.kr,053-666-3181,053-666-4898,2019-03-28
대구광역시중구치매안심센터,대구광역시,중구,41901,"대구 중구 태평로 45 (태평로3가, 중구보건소)",3층 중구치매안심센터,4223117,2711013000,2711057500,35.87790606,128.5833355,dgjunggu.nid.or.kr,053-661-3911,053-661-3139,2018-01-23
대구광역시군위군치매안심센터,대구광역시,군위군,43120,"대구 군위군 군위읍 군청로 70 (동부리, 군위군보건소)",2층 치매안심센터,3314001,2772025000,4772025000,36.22952003,128.5698713,gunwi.nid.or.kr,054-380-7491,054-380-6757,2019-12-23
인천광역시강화군치매안심센터,인천광역시,강화군,23037,인천 강화군 강화읍 충렬사로 26-1 (남산리),강화군보건소 내,3157037,2871025000,2871025000,37.7372942,126.4848586,ganghwa.nid.or.kr,032-930-4057,032-930-3642,2018-12-28
인천광역시계양구치매안심센터,인천광역시,계양구,21068,"인천 계양구 계양문화로 63 (계산동, 계양구보건소)",계양구 보건소 4층,3155002,2824510200,2824561100,37.53642762,126.7362452,gyeyang.nid.or.kr,032-430-7867,032-547-9226,2017-12-01
인천광역시미추홀구치매안심센터,인천광역시,미추홀구,22169,인천 미추홀구 경인로34번길 20 (숭의동),5층 미추홀구치매안심센터,3151034,2817710100,2817751000,37.46303566,126.6472695,michuhol.nid.or.kr,032-728-6520,,2018-11-30
인천광역시남동구치매안심센터,인천광역시,남동구,21589,"인천 남동구 소래로 633 (만수동, 남동구청)",남동구 보건소 3층,3153045,2820010300,2820056000,37.44738839,126.7306774,namdong.nid.or.kr,032-453-5910,,2019-01-24
인천광역시동구치매안심센터,인천광역시,동구,22532,인천 동구 방축로 193 (송림동),동구치매안심센터,3150009,2814010700,2814051000,37.4798949,126.6665634,icdonggu.nid.or.kr,032-772-6307,032-760-4949,2018-12-21
인천광역시부평구치매안심센터,인천광역시,부평구,21359,"인천 부평구 주부토로 65 (부평동, 부평4동 행정복지센터)","6층, 7층 부평구치매안심센터",3008034,2823710100,2823751000,37.50084167,126.7249748,icbp.nid.or.kr,032-509-1308,032-509-1309,2019-09-27
인천광역시서구치매안심센터,인천광역시,서구,22731,"인천 서구 봉오재3로94번길 11 (가정동, MK타워)5층",서구치매안심센터,3156051,2826010700,2826053000,37.52682819,126.6704561,seoincheon.nid.or.kr,032-718-0630,032-718-0798,2019-12-18
인천광역시연수구치매안심센터,인천광역시,연수구,21907,인천 연수구 예술로20번길 15 (선학동),연수구치매안심센터,3008022,2620012000,2620063000,37.43578309,126.6996474,yeonsu.nid.or.kr,1899-9080,032-749-8939,2017-12-08
인천광역시옹진군치매안심센터,인천광역시,옹진군,22193,"인천 미추홀구 매소홀로 120 (용현동, 옹진군청)",옹진군보건소 3층,3149061,2817710200,2817754000,37.44657047,126.6367454,ongjin.nid.or.kr,032-721-0520,032-899-3149,2017-12-01
인천광역시중구치매안심센터,인천광역시,중구,22309,"인천 중구 참외전로72번길 21 (전동, 중구보건소)",4층 중구치매안심센터,4247382,2811013700,2811058500,37.47721729,126.6291077,icjg.nid.or.kr,032-760-6060,,2018-11-23
광주광역시광산구치매안심센터,광주광역시,광산구,62430,광주광역시 광산구 용아로379번길 77(산정동 1033),광산구치매안심센터,4289022,2920010100,2920051500,35.17615122,126.8002346,gwangsan.nid.or.kr,062-960-6930,062-960-3738,2019-12-05
광주광역시남구치매안심센터,광주광역시,남구,61744,광주 남구 효우로 80 (노대동),남구 치매안심센터,3161009,2915510700,2915553700,35.10631349,126.9035759,gjnamgu.nid.or.kr,062-607-4369,062-675-2041,2020-02-24
광주광역시동구치매안심센터,광주광역시,동구,61468,"광주 동구 서남로 14 (서석동, 서남동주민센터)",7층,3159007,2911011800,2911065500,35.14495096,126.923163,gjdonggu.nid.or.kr,062-608-3490,062-608-3499,2018-09-12
광주광역시북구치매안심센터,광주광역시,북구,61217,광주광역시 북구 북문대로 234(동림동),북구치매안심센터 2층,3162056,2917010100,2917051000,35.18696695,126.8668768,gjbukgu.nid.or.kr,062-410-8124,062-510-1447,2019-09-06
광주광역시서구치매안심센터,광주광역시,서구,61990,광주 서구 상무대로884번길 17-20 (쌍촌동),,4280311,2914011800,2914074000,35.14885739,126.860335,gjseogu.nid.or.kr,062-350-4759,062-371-0093,2017-12-01
대전광역시대덕구치매안심센터,대전광역시,대덕구,34406,"대전 대덕구 동춘당로 187 (법동, 법2동행정복지센터)",3층,3168013,3023010800,3023056000,36.36720767,127.4308386,daedeok.nid.or.kr,042-608-5426,042-608-3851,2018-07-20
대전광역시동구치매안심센터,대전광역시,동구,34563,대전 동구 현암로 22 (삼성동),"2, 3층",3164008,3011010500,3011053000,36.34298696,127.4204617,djdonggu.nid.or.kr,042-621-6011,042-625-6077,2018-04-10
대전광역시서구치매안심센터,대전광역시,서구,35203,"대전 서구 만년로 74 (만년동, 대전서구보건소)",서구보건소 5층(치매안심센터),3166025,3017012800,3017065000,36.36708849,127.3810998,djseogu.nid.or.kr,042-288-4470,042-288-5934,2018-04-24
대전광역시유성구치매안심센터,대전광역시,유성구,34174,대전 유성구 박산로 177 (구암동),유성구보건소 2층,2167001,3020011200,3020054000,36.35381247,127.3286409,yuseong.nid.or.kr,042-611-5018,042-611-5110,2018-05-31
대전광역시중구치매안심센터,대전광역시,중구,34939,"대전 중구 중앙로 100 (대흥동, 중구청 제3별관 1층)",중구치매안심센터,3164033,3014010500,3014057500,36.32557502,127.4212953,djjunggu.nid.or.kr,042-288-8180,042-288-8981,2018-08-20
울산광역시남구치매안심센터,울산광역시,남구,44698,"울산 남구 삼산중로 132 (삼산동, 울산남구보건소)",남구보건소 별관 치매안심센터,3170027,3114010600,3114057000,35.54535764,129.3363283,ulsannamgu.nid.or.kr,052-226-2323,052-226-3227,2019-04-30
울산광역시동구치매안심센터,울산광역시,동구,44021,"울산 동구 봉수로 155 (화정동, 동구청)",보건소 1층 치매안심센터,3171011,3117010200,3117053000,35.5050746,129.4164426,ulsandonggu.nid.or.kr,052-209-4060,052-209-4079,2018-08-01
울산광역시북구치매안심센터,울산광역시,북구,44248,"울산 북구 산업로 1018 (연암동, 보건소)","지하1층, 지상1,2층 치매안심센터",3000104,3120012200,3120056000,35.58355486,129.3607106,ulsanbukgu.nid.or.kr,052-241-8257,052-241-8109,2018-10-18
울산광역시울주군치매안심센터,울산광역시,울주,44965,울산 울주군 웅촌면 은현작동로 49 (검단리),울주군 치매안심센터,4319545,3171026500,3171026500,35.45690394,129.1768249,ulju.nid.or.kr,052-204-2878,052-204-2879,2018-05-30
울산광역시중구치매안심센터,울산광역시,중구,44495,"울산 중구 외솔큰길 225 (남외동, 중구보건소)",2층,4307363,3111011500,3111062000,35.56945595,129.3504156,ulsanjunggu.nid.or.kr,052-290-4366,052-290-4389,2018-10-24
세종특별자치시치매안심센터,세종특별자치시,세종시,30029,"세종특별자치시 조치원읍 대첩로 32 (신흥리, 세종특별자치시보건소)",별관2층 치매안심센터,4574018,3611025029,3611025000,36.59626916,127.2928906,sejongansim.nid.or.kr,044-301-2311~2318,044-301-2319,2019-06-03
경기도가평군치매안심센터,경기도,가평군,12413,"경기 가평군 가평읍 가화로 155-18 (읍내리, 가평군보건소)",가평군보건소,3000142,4182025000,4182025000,37.83350281,127.510601,gp.nid.or.kr,031-580-2849,031-580-2559,2018-12-26
경기도고양시덕양구치매안심센터,경기도,고양시 덕양구,10498,경기 고양시 덕양구 은빛로 72 (화정동),내일 꿈 제작소 B동 3층,3192059,4128112300,4128151000,37.63718564,126.8361898,deogyang.nid.or.kr,031-8075-4800,,2018-07-20
경기도고양시일산동구치매안심센터,경기도,고양시 일산동구,10421,경기 고양시 일산동구 중앙로 1100 (백석동),별관 2층 치매안심센터,3192094,4128510600,4128556000,37.64707633,126.7834627,ilsandonggu.nid.or.kr,031-8075-4850,031-8075-4886,2018-04-25
경기도고양시일산서구치매안심센터,경기도,고양시 일산서구,10340,"경기 고양시 일산서구 일중로 54 (일산동, 일산서구보건소)",일산서구보건소 2층 치매안심센터,3194020,4128710100,4128751000,37.68447523,126.7757855,goyangiss.nid.or.kr,031-8075-4871,031-976-2043,2018-05-23
경기도과천시치매안심센터,경기도,과천시,13806,"경기 과천시 관문로 69 (중앙동, 과천시청)",과천시보건소 별관1층,3195003,4129010700,4129051000,37.43022157,126.9867975,ghc.nid.or.kr,02-2150-3574,02-2150-1542,2020-09-11
경기도광명시치매안심센터,경기도,광명시,14322,"경기 광명시 소하로 196 (소하동, 광명노인건강센터)",3층 치매안심센터,3187036,4121010400,4121063100,37.44656741,126.894916,gm.nid.or.kr,02-2680-5830,,2018-07-24
경기도광주시치매안심센터,경기도,광주시,12736,"경기 광주시 초월읍 경충대로 1009-40 (쌍동리, 동부건강센터)",2층,2012002,4161025322,4161051000,37.36884855,127.3027557,gjcity.nid.or.kr,031-762-8756,031-760-1454,2018-11-15
경기도구리시치매안심센터,경기도,구리시,11922,"경기 구리시 건원대로34번길 84 (인창동, 구리보건소)",4층(구리시 치매안심센터),2196001,4131010300,4131052000,37.60473625,127.1450794,guri.nid.or.kr,031-550-8642,031-550-2700,2019-03-18
경기도군포시치매안심센터,경기도,군포시,15865,"경기 군포시 산본로 329 (산본동, 경원빌딩)",8층,3200016,4141010400,4141054000,37.36002061,126.9330897,gunpo.nid.or.kr,031-389-4988,031-427-5629,2018-05-15
경기도김포시치매안심센터,경기도,김포시,10097,"경기 김포시 사우중로73번길 52 (북변동, 래미안 프라자)",4층,3209060,4157010100,4157054000,37.62308177,126.7211346,gimpo.nid.or.kr,031-5186-4170,031-981-8983,2018-05-30
경기도남양주시치매안심센터,경기도,남양주시,12284,"경기 남양주시 경춘로 522 (다산동, 남양주시청제2청사)",남양주보건소 2층,3000120,4136011200,4136054500,37.61024303,127.1719612,nyj.nid.or.kr,031-590-8700,031-590-8129,2018-03-15
경기도남양주시풍양치매안심센터,경기도,남양주시 풍양,12009,"경기 남양주시 진접읍 금강로 1509-26 (장현리, 진접읍사무소)",진접오남행정복지센터 복지동 2층,3000121,4136025321,4136025300,37.72632836,127.189863,nyjpungyang.nid.or.kr,031-590-8381,031-590-6999,2018-07-30
경기도동두천시치매안심센터,경기도,동두천시,11344,경기 동두천시 거북마루로 49 (생연동),동두천시 보건소 별관 1층,3189031,4125010300,4125051000,37.89626429,127.0516304,ddc.nid.or.kr,031-860-3395,,2019-12-19
경기도부천시원미치매안심센터,경기도,부천시 원미구,14555,"경기 부천시 원미구 길주로 410 (춘의동, 치매안심센터)",부천시치매안심센터,3000065,4119210300,4119060600,37.50365381,126.7880109,bucheon.nid.or.kr,032-625-9840,032-625-9859,2019-12-23
경기도성남시분당구치매안심센터,경기도,성남시 분당구,13607,"경기도 성남시 분당구 내정로94 (정자동, 한솔마을 주공7단지 아파트) 711동 1층",분당구치매안심센터,3180042,4113510700,4113561000,37.3673875,127.1155094,bdseongnam.nid.or.kr,031-729-8783,031-729-4569,2018-08-01
경기도성남시수정구치매안심센터,경기도,성남시 수정구,13346,"경기 성남시 수정구 수정로 218 (신흥동, 수정구보건소)",3층 수정구치매안심센터,3178018,4113110100,4113151000,37.44432902,127.1440618,shseongnam.nid.or.kr,031-729-3879,031-729-8676,2018-07-02
경기도성남시중원구치매안심센터,경기도,성남시 중원구,13200,"경기 성남시 중원구 금상로 137 (상대원동, 노인보건센터, 중원구보건소)",노인보건센터 4층 치매안심센터,3179006,4113310500,4113357000,37.44215625,127.1705808,jhseongnam.nid.or.kr,031-739-3030,031-739-3904,2017-12-26
경기도수원시권선구치매안심센터,경기도,수원시 권선구,16626,"경기 수원시 권선구 호매실로 22-50 (탑동, 권선구보건소)",권선구보건소 1층,3175048,4111313300,4111356000,37.2587428,126.9711297,gwonseon.nid.or.kr,031-5191-0425,031-369-2124,2019-07-16
경기도수원시영통구치매안심센터,경기도,수원시 영통구,16703,"경기 수원시 영통구 영통로 396 (영통동, 영통구보건소)","영통구치매안심센터 3층, 5층",3177018,4111710500,4111757000,37.2568828,127.0697108,yeongtong.nid.or.kr,031-5191-0824,031-5191-8818,2018-01-01
경기도수원시장안구치매안심센터,경기도,수원시 장안구,16295,"경기 수원시 장안구 송원로 101 (조원동, 장안보건소)","1층 치매안심센터,2층치매안심센터",3174005,4111113600,4111159700,37.30409473,127.0104007,jangan.nid.or.kr,031-5191-0230,031-369-2502,2018-10-12
경기도수원시팔달구치매안심센터,경기도,수원시 팔달구,16463,"경기 수원시 팔달구 팔달산로 6 (교동, 팔달구 보건소)",2층 치매안심센터,3176016,4111513200,4111565000,37.27149964,127.0125182,paldal.nid.or.kr,031-5191-0630,031-369-4542,2019-06-26
경기도시흥시치매안심센터,경기도,시흥시,14978,경기도 시흥시 호현로 55 (대야동) 시흥보건소 5층,시흥시치매안심센터,3185023,4139010100,4139051000,37.44553633,126.7853141,sh.nid.or.kr,031-310-6065,031-380-5364,2017-09-28
경기도안산시단원구치매안심센터,경기도,안산시 단원구,15396,"경기도 안산시 단원구 화랑로 250, 단원보건소 3층",(초지동),3190069,4127110300,4127152500,37.32106776,126.8152629,danwon.nid.or.kr,031-481-6541,031-481-2565,2018-03-28
경기도안산시상록구치매안심센터,경기도,안산시 상록구,15585,"경기 안산시 상록구 차돌배기로1길 5 (사동, 상록수보건소)",상록수보건소 3층,4370468,4127110300,4127152500,37.30026456,126.8450634,sangroksoo.nid.or.kr,031-481-5848,031-481-3783,2018-05-15
경기도안성시치매안심센터,경기도,안성시,17596,"경기 안성시 강변로74번길 18 (도기동, 안성시보건소)",1층 치매안심센터,4424027,4155012400,4155052000,37.00016961,127.2698131,anseong.nid.or.kr,031-678-3002,031-678-5919,2018-12-21
경기도안양시동안구치매안심센터,경기도,안양시 동안구,13939,경기 안양시 동안구 관악대로 375 (관양동),동안치매안심센터,4349204,4117310200,4117351000,37.40479042,126.9645299,dongan.nid.or.kr,031-8045-6801,031-8045-6577,2018-01-01
경기도안양시만안구치매안심센터,경기도,안양시 만안구,14035,"경기 안양시 만안구 문예로 48 (안양동, 만안구보건소)",6층 치매안심센터,3182005,4117110100,4117151000,37.38584733,126.9329445,manan.nid.or.kr,031-8045-3150,031-8045-6575,2019-04-08
경기도양주시치매안심센터,경기도,양주시,11451,경기 양주시 화합로1426번길 90 (덕정동),양주체육복지센터 5층,3206116,4163010300,4163051000,37.83814181,127.068036,yangju.nid.or.kr,031-8082-7147,0505-041-1961,2019-05-15
경기도양평군치매안심센터,경기도,양평군,12550,"경기 양평군 양평읍 중앙로111번길 34-21 (공흥리, 양평군 치매안심센터 및 정신건강복지센터)",1층 양평군치매안심센터,3217044,4183025000,4183025000,37.49662351,127.5051583,yangpyeong.nid.or.kr,031-771-5773,031-770-2848,2018-12-01
경기도여주시치매안심센터,경기도,여주시,12628,경기 여주시 여흥로160번길 12 (상동),치매안심센터(1층),4442323,4167010100,4167051000,37.29477832,127.6399084,yeoju.nid.or.kr,031-887-3685,031-887-3610,2018-01-02
경기도연천군치매안심센터,경기도,연천군,11027,"경기 연천군 전곡읍 은대성로 95 (은대리, 연천군보건의료원)",4층 치매안심센터,3215035,4180025300,4180025300,38.02353355,127.0609624,yeoncheon.nid.or.kr,031-839-4083,031-839-4169,2018-07-27
경기도오산시치매안심센터,경기도,오산시,18135,"경기 오산시 경기대로 307 (오산동, 중앙동행정복지센터)",3층 치매안심센터,2012013,4137010100,4137051000,37.15235202,127.0732064,osan.nid.or.kr,031-8036-6611,031-8036-8924,2018-07-02
경기도용인시기흥구치매안심센터,경기도,용인시 기흥구,16969,"경기 용인시 기흥구 신갈로58번길 11 (신갈동, 신갈동주민센터및기흥구보건소)","2층,4층",3204042,4146310100,4146351000,37.27257613,127.1064466,giheung.nid.or.kr,031-6193-0410,031-6193-0369,2018-09-20
경기도용인시수지구치매안심센터,경기도,용인시 수지구,16835,"경기 용인시 수지구 포은대로 435 (풍덕천동, 수지구청, 보건소)",수지구보건소 5층,2012014,4146510100,4146551000,37.32217005,127.0968356,suji.nid.or.kr,031-6193-0881,031-6193-0869,2018-11-02
경기도용인시처인구치매안심센터,경기도,용인시 처인구,17019,"경기 용인시 처인구 중부대로 1199 (삼가동, 용인시청)",처인구보건소 지하1층,2012012,4146110300,4146152000,37.24101936,127.1778963,cheoingu.nid.or.kr,031-6193-0199,031-6193-0169,2018-09-17
경기도의왕시치매안심센터,경기도,의왕시,16076,"경기 의왕시 오봉로 34 (고천동, 의왕시보건소)",3층 치매안심센터,3201024,4143010100,4143051000,37.34378769,126.9719938,uiwang.nid.or.kr,031-345-3853,031-345-2989,2019-03-05
경기도의정부시치매안심센터,경기도,의정부시,11812,"경기 의정부시 민락로 360 (낙양동, 송산3동 공공복합청사)",5층,3181013,4115010700,4115051000,37.75318982,127.1137733,ujb.nid.or.kr,031-870-6158,,2018-11-22
경기도이천시치매안심센터,경기도,이천시,17379,경기 이천시 부악로 36 (중리동),1층,3207020,4150010300,4150051500,37.27310982,127.4333117,icheon.nid.or.kr,031-6190-7211,031-634-2745,2018-11-13
경기도파주시치매안심센터,경기도,파주시,10937,"경기 파주시 조리읍 봉천로 68 (봉일천리, 파주시건강증진센터)",3층 치매안심센터,3206137,4148010100,4148051000,37.74507907,126.8050112,paju.nid.or.kr,031-940-3740,031-940-5139,2018-07-11
경기도평택시송탄치매안심센터,경기도,평택시 송탄,17730,"경기 평택시 서정로 295 (서정동, 송탄보건소)",송탄치매안심센터,3188028,4122010100,4122051000,37.0657141,127.0664973,songtan.nid.or.kr,031-8024-7257,031-8024-7309,2019-11-20
경기도평택시치매안심센터,경기도,평택시,17901,경기도 평택시 중앙1로56번길 25(비전동),2층 치매안심센터,3188121,4122011800,4122062000,36.9962511,127.0891907,pyeongtaek.nid.or.kr,031-8024-4399,031-8024-4439,2019-03-25
경기도포천시치매안심센터,경기도,포천시,11161,경기 포천시 삼육사로2186번길 11-15 (선단동),2층 치매안심센터(선단보건지소 2층),3213046,4165010100,4165051000,37.8534727,127.1593106,pocheon.nid.or.kr,031-538-4831,031-538-4830,2018-09-28
경기도하남시치매안심센터,경기도,하남시,12909,경기 하남시 미사강변대로 200 (망월동),4층,3202012,4145010900,4145052000,37.56763908,127.185541,hanam.nid.or.kr,031-790-6254,031-790-6439,2018-07-27
경기도화성시치매안심센터,경기도,화성시,18596,"경기 화성시 향남읍 3.1만세로 1055 (발안리, 화성시보건소)",1층 치매안심센터(치매관리실),3210002,4159025922,4159025900,37.12928157,126.9045557,hscity.nid.or.kr,031-5189-1080,031-5189-1403,2018-06-14
경기도부천시오정치매안심센터,경기도,부천시 오정구,14434,"경기 부천시 오정구 성오로 172 (오정동, 오정구청)",오정보건소 내(오정치매안심센터) 2층,3186008,4119610100,4119083000,37.52834682,126.7960266,ojeong.nid.or.kr,032-625-9881,032-625-9839,2018-12-27
경기도부천시소사치매안심센터,경기도,부천시 소사,14757,경기 부천시 소사구 소사본동 148-30,소사본동행정복지센터 2층,3185023,4119410100,4119079500,37.47632789,126.7921576,sosa.nid.or.kr,032-625-9871,032-625-9879,2018-08-28
강원특별자치도강릉시치매안심센터,강원특별자치도,강릉시,25604,"강원특별자치도 강릉시 남부로17번길 38 (내곡동, 강릉시보건소)",강릉시치매안심센터,3220010,5115011600,4215060000,37.74284431,128.8827693,gn.nid.or.kr,033-660-3048,033-640-4764,2019-11-22
강원특별자치도고성군치매안심센터,강원특별자치도,고성군,24736,"강원특별자치도 고성군 간성읍 수성로 30 (신안리, 보건소)",고성군치매안심센터,3234013,5182025022,4282025000,38.37767486,128.4720941,gwgs.nid.or.kr,033-680-3798,033-680-3605,2018-12-26
강원특별자치도동해시치매안심센터,강원특별자치도,동해시,25720,"강원특별자치도 동해시 발한로 227 (발한동, 묵호건강증진센터)",1층,3221018,5117011100,4217055000,37.54951394,129.1081436,dh.nid.or.kr,033-530-2426,033-530-2742,2018-09-07
강원특별자치도삼척시치매안심센터,강원특별자치도,삼척시,25929,"강원특별자치도 삼척시 척주로 76 (남양동, 삼척시보건소)",삼척시보건소 치매안심센터,3224030,5123012000,4223051000,37.44393348,129.1720893,samcheok.nid.or.kr,033-570-4327,033-570-4167,2018-12-31
강원특별자치도속초시치매안심센터,강원특별자치도,속초시,24855,"강원특별자치도 속초시 수복로 36 (교동, 속초시보건소)",속초시치매안심센터,3223007,5121010600,4221056000,38.19613278,128.5758059,sokcho.nid.or.kr,033-639-3751,033-637-4007,2018-12-27
강원특별자치도양구군치매안심센터,강원특별자치도,양구군,24522,"강원특별자치도 양구군 양구읍 관공서로 42 (하리, 양구군보건소)",치매안심센터 1층,3232001,5180025023,4280025000,38.10997712,127.9892042,yanggu.nid.or.kr,033-480-2820,033-482-9115,2019-11-22
강원특별자치도양양군치매안심센터,강원특별자치도,양양군,25031,"강원특별자치도 양양군 양양읍 양양로 9-5 (연창리, 양양군보건소)",장애인회관및치매안심센터2층,3235016,5183025025,4283025000,38.0778608,128.6274793,yangyang.nid.or.kr,033-670-2496,033-670-2830,2019-06-29
강원특별자치도영월군치매안심센터,강원특별자치도,영월군,26234,강원특별자치도 영월군 영월읍 하송로 46-43 (하송리),영월군 치매안심센터,3227027,5175025022,4275025000,37.18530428,128.4615282,ywbogun.nid.or.kr,033-370-5441,033-375-1700,2018-09-12
강원특별자치도원주시치매안심센터,강원특별자치도,원주시,26395,"강원특별자치도 원주시 지니기길 11-20 (무실동, 치매안심센터)",1층,4457565,5113011500,4213056000,37.32470166,127.9248416,wonju.nid.or.kr,033-737-4542,033-737-3855,2019-12-20
강원특별자치도인제군치매안심센터,강원특별자치도,인제군,24633,"강원특별자치도 인제군 인제읍 인제로140번길 34 (남북리, 인제보건소)",2층 치매안심센터,4499162,5181025022,4281025000,38.06325619,128.1685465,inje.nid.or.kr,033-460-2523,033-460-2519,2019-12-05
강원특별자치도정선군치매안심센터,강원특별자치도,정선군,26127,"강원특별자치도 정선군 정선읍 녹송로 33 (봉양리, 정선군보건소)",지하1층 치매안심센터,3229007,5177025021,4277025000,37.38009274,128.6714859,jeongseon.nid.or.kr,033-560-2914,,2019-11-30
강원특별자치도철원군치매안심센터,강원특별자치도,철원군,24037,"강원특별자치도 철원군 갈말읍 군탄로 16 (군탄리, 철원군보건소)",철원군보건소 2층 치매안심센터,3230002,5178025624,4278025600,38.1481382,127.3025602,cwg.nid.or.kr,033-450-5105,033-450-5194,2018-12-12
강원특별자치도춘천시치매안심센터,강원특별자치도,춘천시,24264,강원특별자치도 춘천시 스무숲길 4-46,"치매안심센터 3,4층",3218033,5111010600,4211054500,37.84600255,127.7469974,chuncheon.nid.or.kr,033-250-4004,033-250-4035,2019-06-28
강원특별자치도태백시치매안심센터,강원특별자치도,태백시,26027,"강원특별자치도 태백시 태백로 905 (황지동, 보건소)",태백시 보건소 내 치매안심센터 1층,3000156,5119010100,4219051500,37.17660158,128.992496,taebaek.nid.or.kr,033-550-3042,033-550-2941,2018-11-14
강원특별자치도평창군치매안심센터,강원특별자치도,평창군,25377,강원특별자치도 평창군 평창읍 종부로 61 (종부리),평창군치매안심센터,3228023,5176025025,4276025000,37.36049167,128.3888512,pyeongchang.nid.or.kr,033-330-4900,033-330-4809,2019-06-21
강원특별자치도홍천군치매안심센터,강원특별자치도,홍천군,25135,강원특별자치도 홍천군 홍천읍 홍천로1길 9 (희망리),홍천군치매안심센터,3225033,5172025023,4272025000,37.68991786,127.87554,hongcheon.nid.or.kr,033-430-4055,033-430-4019,2019-11-07
강원특별자치도화천군치매안심센터,강원특별자치도,화천군,24119,"강원특별자치도 화천군 화천읍 강변로 111 (중리, 화천군보건의료원)",화천군치매안심센터,3231020,5179025000,4279025000,38.10738275,127.709078,ihc.nid.or.kr,033-440-2809,033-440-4841,2018-12-18
강원특별자치도횡성군치매안심센터,강원특별자치도,횡성군,25234,"강원특별자치도 횡성군 횡성읍 횡성로 379 (읍하리, 횡성보건소)",횡성군치매안심센터,3219067,5173025022,4273025000,37.48709552,127.9844168,hsg.nid.or.kr,033-340-5653,033-340-5608,2019-11-08
충청북도괴산군치매안심센터,충청북도,괴산군,28033,"충북 괴산군 괴산읍 동진천길 43 (동부리, 괴산군보건소)",괴산군치매안심센터,4538234,4376025000,4376025000,36.80799723,127.7966873,goesan.nid.or.kr,043-830-2392,043-830-2939,2019-10-10
충청북도단양군치매안심센터,충청북도,단양군,27013,"충북 단양군 단양읍 삼봉로 53 (상진리, 단양군 보건소)",1층,3248030,4380025027,4380025000,36.98163017,128.3502974,danyang.nid.or.kr,043-420-3312,043-421-3397,2018-11-12
충청북도보은군치매안심센터,충청북도,보은군,28943,"충북 보은군 보은읍 임업길 22 (삼산리, 치매안심센터)",보은군치매안심센터,4523114,4372025000,4372025000,36.48704913,127.7155559,boeun.nid.or.kr,043-540-5642,043-544-2573,2019-06-24
충청북도영동군치매안심센터,충청북도,영동군,29150,"충북 영동군 영동읍 반곡동길 7 (매천리, 영동군보건소)",,4529280,4374025000,4374025000,36.16849628,127.7759673,yd21.nid.or.kr,043-740-5946,043-743-4000,2018-12-28
충청북도옥천군치매안심센터,충청북도,옥천군,29034,"충북 옥천군 옥천읍 가화4길 18 (금구리, 옥천군 치매안심센터)",옥천군치매안심센터,4526182,4373025000,4373025000,36.30508449,127.5612309,oc.nid.or.kr,043-730-2158,043-733-7161,2019-06-07
충청북도음성군치매안심센터,충청북도,음성군,27705,"충북 음성군 음성읍 중앙로 49 (읍내리, 음성보건소)",음성군 치매안심센터,3247062,4377025000,4377025000,36.92883979,127.6888781,eumseong.nid.or.kr,043-871-2971,043-871-1950,2019-08-30
충청북도제천시치매안심센터,충청북도,제천시,27152,충북 제천시 의림대로 242 (청전동),4층,2239002,4315011300,4315059000,37.1493417,128.2160865,jecheon.nid.or.kr,043-641-3058,043-641-3039,2018-12-19
충청북도증평군치매안심센터,충청북도,증평군,27948,"충북 증평군 증평읍 보건복지로 64-1 (내성리, 증평군보건소)",2층 치매안심센터,3244009,4374525029,4374525000,36.77424621,127.586726,jp.nid.or.kr,043-835-4782,,2018-08-09
충청북도진천군치매안심센터,충청북도,진천군,27876,충북 진천군 덕산읍 연미로 29 (두촌리),진천군치매안심센터,4535372,4375025325,4375025000,36.89921785,127.5288313,jincheon.nid.or.kr,043-539-7782,,2018-11-22
충청북도청주시상당구치매안심센터,충청북도,청주시 상당구,28806,충북 청주시 상당구 남일면 단재로 480 (효촌리),상당보건소 치매안심센터,3236065,4311134000,4311134000,36.58826888,127.5059436,sangdang.nid.or.kr,043-201-4300,043-201-4319,2018-12-31
충청북도청주시서원구치매안심센터,충청북도,청주시 서원구,28688,"충북 청주시 서원구 구룡산로 235 (수곡동, 위너스빌딩)",3층 치매안심센터,3236025,4311210100,4311251000,36.6160235,127.4713305,seowon.nid.or.kr,043-201-3720,,2018-10-10
충청북도청주시청원구치매안심센터,충청북도,청주시 청원구,28125,"충북 청주시 청원구 오창읍 과학산업3로 238 (각리, 청원보건소)",치매안심센터,3240007,4311425300,4311425300,36.71040635,127.4304713,cheongwon.nid.or.kr,043-201-4361,043-201-4379,2018-08-20
충청북도청주시흥덕구치매안심센터,충청북도,청주시 흥덕구,28426,"충북 청주시 흥덕구 대농로 88 (복대동, 흥덕보건소 본관)",2층,4511436,4311311400,4311376000,36.64147861,127.4315238,heungdeok.nid.or.kr,043-201-4320,,2018-08-20
충청북도충주시치매안심센터,충청북도,충주시,27408,"충북 충주시 사직산21길 34 (문화동, 충주시 건강복지타운)",2층 치매안심센터,3238052,4313012700,4313062500,36.97086234,127.9280544,chungju.nid.or.kr,043-850-1781,043-850-3509,2019-07-02
충청남도계룡시치매안심센터,충청남도,계룡시,32823,"충남 계룡시 장안로 54 (금암동, 계룡시보건소)",치매안심센터 1층,3256007,4425010100,4425051000,36.2730574,127.2500264,gyeryong.nid.or.kr,042-840-3681,,2018-11-12
충청남도공주시치매안심센터,충청남도,공주시,32542,충남 공주시 옛군청뒷길 8 (교동),치매안심센터,3251019,4415010600,4415054000,36.45701715,127.1201721,gongju.nid.or.kr,041-840-3315,041-852-8159,2018-03-21
충청남도금산군치매안심센터,충청남도,금산군,32725,"충남 금산군 금산읍 비범1길 5 (중도리, 치매안심센터)",,3000088,4471025000,4471025000,36.10952067,127.4934491,geumsan.nid.or.kr,041-750-4460,041-751-4178,2018-12-11
충청남도논산시치매안심센터,충청남도,논산시,32993,충남 논산시 논산대로 408 (관촉동),논산시 치매안심센터,2255001,4423011100,4423051000,36.19653553,127.1047397,nonsan.nid.or.kr,041-746-6921,041-746-8129,2018-11-26
충청남도당진시치매안심센터,충청남도,당진시,31777,"충남 당진시 서부로 56 (채운동, 당진시보건소)",치매안심센터 1층,3265124,4427010200,4427052000,36.88735969,126.6304725,dangjin.nid.or.kr,041-360-6269,041-360-6029,2018-12-17
충청남도보령시치매안심센터,충청남도,보령시,33439,충남 보령시 대천로 119 (죽정동),,3252019,4418010200,4418036000,36.35633335,126.6045349,brcn.nid.or.kr,041-930-6871,041-931-7292,2018-08-27
충청남도부여군치매안심센터,충청남도,부여군,33140,"충남 부여군 부여읍 성왕로 205 (구아리, 부여군 보건소)",3층,3259115,4476025000,4476025000,36.28293864,126.9094144,buyeo.nid.or.kr,041-830-8740,041-830-8700,2018-07-25
충청남도서산시치매안심센터,충청남도,서산시,31997,"충남 서산시 호수공원6로 6 (예천동, 서산시보건소)",서산시치매안심센터,3254205,4421010900,4421055000,36.77457758,126.4445147,seosan.nid.or.kr,041-661-6598,041-661-8119,2018-08-24
충청남도서천군치매안심센터,충청남도,서천군,33638,충남 서천군 서천읍 사곡길 20-2 (군사리),서천군 치매안심센터,4580278,4477025321,4477025300,36.0817289,126.6887353,seocheon.nid.or.kr,041-950-6741,,2018-11-01
충청남도아산시치매안심센터,충청남도,아산시,31521,"충남 아산시 번영로216번길 18 (모종동, 아산시보건소)","별관 2, 3층",4559218,4420011300,4420059000,36.78291637,127.0140532,asan.nid.or.kr,041-537-3474,041-537-3349,2018-11-30
충청남도예산군치매안심센터,충청남도,예산군,32435,"충남 예산군 예산읍 군청로 22 (예산리, 예산군청)",보건소 5층,3263022,4481025000,4481025000,36.68088045,126.8448499,yesan.nid.or.kr,041-339-6122,041-339-6009,2018-11-08
충청남도천안시동남구치매안심센터,충청남도,천안시 동남구,31131,"충남 천안시 동남구 버들로 40 (문화동, 동남구보건소,교통정보센터)",7층 치매안심센터,3249014,4413110300,4413152000,36.80717777,127.1514571,dongnam.nid.or.kr,041-521-3343,041-521-5006,2018-11-02
충청남도천안시서북구치매안심센터,충청남도,천안시 서북구,31137,"충남 천안시 서북구 서부8길 29 (성정동, 성정2동 행정복지센터)",1층,4550300,4413310200,4413351000,36.8197755,127.1398835,seobuk.nid.or.kr,041-521-5740,041-573-0994,2018-04-01
충청남도청양군치매안심센터,충청남도,청양군,33324,"충남 청양군 청양읍 칠갑산로7길 54 (읍내리, 청양군보건의료원)",청양군보건의료원 치매안심센터 2층,4583308,4479025000,4479025000,36.45502041,126.8049398,cheongyang.nid.or.kr,041-940-4536,041-940-4508,2018-10-19
충청남도태안군치매안심센터,충청남도,태안군,32148,"충남 태안군 태안읍 서해로 1952-16 (평천리, 태안군보건의료원)",어르신센터 1층,3000117,4482525000,4482525000,36.75181076,126.3232321,taean.nid.or.kr,041-671-1632,041-671-5336,2018-06-26
충청남도홍성군치매안심센터,충청남도,홍성군,32236,"충남 홍성군 홍성읍 문화로 106 (오관리, 홍성군보건소)",홍성군보건소 별관 치매안심센터 2층,3262026,4480025000,4480025000,36.59664119,126.6630605,hongseong.nid.or.kr,041-630-9076,041-630-9860,2018-11-21
전북특별자치도고창군치매안심센터,전북특별자치도,고창군,56442,"전북특별자치도 고창군 고창읍 전봉준로 90 (율계리, 고창군보건소)",고창군치매안심센터,3279054,5279025000,5279025000,35.44376255,126.6832504,gochang.nid.or.kr,063-560-8725,063-560-8779,2018-10-02
전북특별자치도군산시치매안심센터,전북특별자치도,군산시,54129,"전북특별자치도 군산시 공단대로 482 (나운동, 군산시치매안심센터)",군산시치매안심센터,3268007,5213014400,5213069000,35.96456011,126.6898084,gunsan.nid.or.kr,063-454-5870,063-471-1315,2018-07-01
전북특별자치도김제시치매안심센터,전북특별자치도,김제시,54408,전북특별자치도 김제시 동서8길 52 (요촌동),김제시치매안심센터,4616506,5221010100,5221051000,35.79740416,126.8887514,gimje.nid.or.kr,063-540-1327,,2017-12-20
전북특별자치도남원시치매안심센터,전북특별자치도,남원시,55766,"전북특별자치도 남원시 요천로 1285 (조산동, 남원시보건소)",치매안심센터,3000200,5219010700,5219055000,35.39783988,127.3639897,namwon.nid.or.kr,063-620-7725,063-620-7928,2018-11-09
전북특별자치도무주군치매안심센터,전북특별자치도,무주군,55515,"전북특별자치도 무주군 무주읍 한풍루로 413 (당산리, 무주군보건의료원)",4층,3275053,5273025022,5273025000,36.00590333,127.6716763,muju.nid.or.kr,063-320-8601,063-320-8615,2018-07-24
전북특별자치도부안군치매안심센터,전북특별자치도,부안군,56314,"전북특별자치도 부안군 부안읍 오리정로 124 (봉덕리, 보건소)",치매안심센터,3280067,5280025024,5280025000,35.72286232,126.7356007,buan.nid.or.kr,063-580-3066,063-584-1264,2018-06-18
전북특별자치도순창군치매안심센터,전북특별자치도,순창군,56049,"전북특별자치도 순창군 순창읍 교성로 135 (교성리, 순창군보건의료원)",치매안심센터 2층,3278008,5277025026,5277025000,35.3670048,127.1440817,sunchang.nid.or.kr,063-650-5271,063-652-5248,2019-07-16
전북특별자치도완주군치매안심센터,전북특별자치도,완주군,55334,전북특별자치도 완주군 삼례읍 삼봉8로 10-12 (수계리),완주군 치매안심센터,3273037,5271025029,5271034000,35.92146408,127.1219187,wanju.nid.or.kr,063-290-4373,063-290-3030,2018-07-23
전북특별자치도익산시치매안심센터,전북특별자치도,익산시,54652,전북특별자치도 익산시 동서로 91 (모현동2가),서부권다목적체육관 3층 치매안심센터,3269023,5214011500,5214059500,35.95641377,126.9450599,iksan.nid.or.kr,063-859-7550,063-859-4090,2018-04-09
전북특별자치도임실군치매안심센터,전북특별자치도,임실군,55927,"전북특별자치도 임실군 임실읍 호국로 1680 (이도리, 임실군 보건의료원)",치매안심센터,3277037,5275025022,5275025022,35.61261112,127.2870767,imsil.nid.or.kr,063-640-3373,,2019-06-21
전북특별자치도장수군치매안심센터,전북특별자치도,장수군,55631,전북특별자치도 장수군 장수읍 장천로 255-10,치매안심센터,3276033,5274025000,5274025000,35.65508764,127.519166,jangsu.nid.or.kr,063-350-2670,063-350-5722,2018-12-24
전북특별자치도전주시치매안심센터,전북특별자치도,전주시,55038,"전북특별자치도 전주시 완산구 전라감영로 33 (중앙동4가, 전주시보건소)",전주시치매안심센터,4598339,5211112800,5211167100,35.81584568,127.1433513,jeonju.nid.or.kr,063-281-6238,063-281-6289,2018-10-10
전북특별자치도정읍시치매안심센터,전북특별자치도,정읍시,56196,전북특별자치도 정읍시 금붕1길 215 (금붕동),정읍시 치매안심센터,3270023,5218011200,5218051000,35.55437564,126.8937382,jeongeup.nid.or.kr,063-539-6951,063-539-6548,2019-08-12
전북특별자치도진안군치매안심센터,전북특별자치도,진안군,55422,"전북특별자치도 진안군 진안읍 진무로 1189 (군상리, 진안보건소)",진안군 보건소 2층,3274057,5272025000,5272025000,35.7973051,127.4347776,jinan.nid.or.kr,063-430-8588,063-432-3103,2018-10-22
전라남도강진군치매안심센터,전라남도,강진군,59240,"전남 강진군 강진읍 목리길 11 (동성리, 강진군보건소)",치매안심센터,4679120,4681025000,4681025000,34.63833623,126.77571,gangjin.nid.or.kr,061-430-5294,061-430-5959,2019-09-20
전라남도고흥군치매안심센터,전라남도,고흥군,59542,전남 고흥군 고흥읍 등암3길 5 (등암리),고흥군보건소,4667233,4677025024,4677025000,34.5919855,127.2692469,goheung.nid.or.kr,061-830-6969,061-830-6939,2019-06-14
전라남도곡성군치매안심센터,전라남도,곡성군,57542,전남 곡성군 곡성읍 곡성로 854 (읍내리),치매안심센터,3287003,4672025021,4672025000,35.27886584,127.2968557,gokseong.nid.or.kr,061-360-8980,061-360-8908,2019-09-10
전라남도광양시치매안심센터,전라남도,광양시,57741,"전남 광양시 광양읍 호북길 13-3 (칠성리, 치매안심센터)",광양시치매안심센터,3285061,4623025000,4623025000,34.98010194,127.58361,gwangyang.nid.or.kr,061-797-4059,061-797-4056,2018-11-20
전라남도구례군치매안심센터,전라남도,구례군,57647,전남 구례군 구례읍 동편제길 30 (백련리),구례군 보건의료원 치매안심센터,4664091,4673025023,4673025000,35.21596948,127.4617976,gurye.nid.or.kr,061-780-2026,061-780-2769,2018-12-07
전라남도나주시치매안심센터,전라남도,나주시,58274,"전남 나주시 풍물시장2길 57-32 (이창동, 나주시보건소)",나주시보건소 치매안심센터,4652592,4617012800,4617060000,34.99522645,126.708224,naju.nid.or.kr,061-339-4771,061-339-2920,2018-11-22
전라남도담양군치매안심센터,전라남도,담양군,57335,전남 담양군 담양읍 완동길 10-5 (만성리),1층,4658263,4671025000,4671025000,35.32470177,126.9807438,damyang.nid.or.kr,061-380-2971,061-380-3990,2019-02-27
전라남도목포시치매안심센터,전라남도,목포시,58724,전남 목포시 수문로 32 (남교동),트윈스타 3층 목포시치매안심센터,3281043,4611016000,4611075600,34.7931322,126.3829337,mokpo.nid.or.kr,"061-270-4271, 4272",061-270-3596,2018-04-13
전라남도무안군치매안심센터,전라남도,무안군,58528,"전남 무안군 무안읍 면성1길 128 (성남리, 무안군 보건소)",3층 무안군치매안심센터,4688135,4684025023,4684025000,34.98727444,126.4728731,muan.nid.or.kr,061-450-5075,061-450-5142,2019-01-25
전라남도보성군치매안심센터,전라남도,보성군,59454,전남 보성군 보성읍 갱맹골길 206(주봉리 529번지),보성치매안심센터,3290008,4678025000,4678025000,34.76645647,127.0712437,boseong.nid.or.kr,061-850-8695,061-853-9996,2018-11-27
전라남도순천시치매안심센터,전라남도,순천시,57938,"전남 순천시 중앙로 232 (석현동, 순천시문화건강센터)",순천시치매안심센터,3283038,4615010800,4615055000,34.96674779,127.4860333,suncheon.nid.or.kr,061-749-8888,061-749-4204,2019-09-17
전라남도신안군치매안심센터,전라남도,신안군,58827,"전남 신안군 압해읍 천사로 1004 (신장리, 신안군청)",신안군보건소 1층 치매안심센터,3302013,4691025331,4691025300,34.83360218,126.3514253,shinan.nid.or.kr,061-240-8081,061-271-7772,2019-07-26
전라남도여수시치매안심센터,전라남도,여수시,59754,전남 여수시 신월로 794 (봉강동),여수시치매안심센터,3282020,4613010300,4613053500,34.73915914,127.7260493,yeosu.nid.or.kr,061-659-5440,,2019-06-21
전라남도영광군치매안심센터,전라남도,영광군,57043,전남 영광군 영광읍 신남로4길 17 (남천리),치매안심센터 3층,4694223,4687025000,4687025000,35.27468261,126.5041643,yeonggwang.nid.or.kr,061-350-4806,061-350-5191,2019-03-13
전라남도영암군치매안심센터,전라남도,영암군,58421,"전남 영암군 영암읍 오리정길 39 (춘양리, 영암군보건소)",영암군치매안심센터,4685344,4683025027,4683025000,34.79533941,126.7033414,yeongam.nid.or.kr,061-470-6580,061-470-6576,2019-03-26
전라남도완도군치매안심센터,전라남도,완도군,59108,"전남 완도군 완도읍 농공단지길 34 (죽청리, 완도보건의료원)",완도군 치매안심센터 2층,4700144,4689025023,4689025000,34.33582329,126.7313246,wando.nid.or.kr,061-550-5810,,2019-10-10
전라남도장성군치매안심센터,전라남도,장성군,57214,"전남 장성군 장성읍 성산5길 17 (성산리, 장성군 치매안심센터)",장성군 치매안심센터,4697381,4688025022,4688025000,35.3233003,126.808367,jangseong.nid.or.kr,061-390-7161~70,061-390-7597,2020-02-01
전라남도장흥군치매안심센터,전라남도,장흥군,59327,"전남 장흥군 장흥읍 동교1길 13 (건산리, 장흥군선거관리위원회)",치매안심센터 1층,3017031,4680025037,4680025000,34.67705335,126.9069323,jangheung.nid.or.kr,061-860-6498,061-860-6880,2018-12-12
전라남도진도군치매안심센터,전라남도,진도군,58922,"전남 진도군 진도읍 남동1길 40-9 (남동리, 진도군보건소)",3층,4703061,4690025025,4690025000,34.48037351,126.2629165,jindo.nid.or.kr,061-540-6964,061-540-0502,2018-12-18
전라남도함평군치매안심센터,전라남도,함평군,57153,"전남 함평군 함평읍 중앙길 54-8 (기각리, 함평보건소)",치매안심센터,4691284,4686025000,4686025000,35.06190341,126.5242551,hampyeong.nid.or.kr,061-320-2390,061-320-3739,2018-11-09
전라남도해남군치매안심센터,전라남도,해남군,59038,"전남 해남군 해남읍 해남로 46 (해리, 해남보건소)",해남군 치매안심센터,3294030,4682025021,4682025000,34.5704311,126.6120935,haenam.nid.or.kr,061-531-3703~10,,2019-12-03
전라남도화순군치매안심센터,전라남도,화순군,58136,"전남 화순군 화순읍 충의로 40 (삼천리, 치매안심센터)",화순군치매안심센터,3291015,4679025031,4679025000,35.05539364,126.9820968,hwasun.nid.or.kr,061-379-5317,061-371-3329,2019-03-21
경상북도경산시치매안심센터,경상북도,경산시,38616,"경북 경산시 남매로 158 (중방동, 경산시보건소)",치매안심센터,3313022,4729011700,4729051000,35.82511247,128.7432823,gbgs.nid.or.kr,053-810-6435,053-819-5839,2019-09-23
경상북도경주시치매안심센터,경상북도,경주시,38099,경상북도 경주시 봉황로 178 (성건동),치매안심센터,3305041,4713012600,4713063000,35.85535856,129.210511,gyeongju.nid.or.kr,054-760-2950~2,054-760-7579,2019-10-17
경상북도고령군치매안심센터,경상북도,고령군,40138,"경북 고령군 대가야읍 왕릉로 56-5 (지산리, 고령군보건소)",1층,3320011,4783025326,4783025300,35.72523517,128.2648137,goryeong.nid.or.kr,054-950-7961,,2018-08-14
경상북도구미시치매안심센터,경상북도,구미시 구미,39192,"경북 구미시 지산11길 8-1 (지산동, 구미치매안심센터)",구미치매안심센터,2308003,4719010200,4719055500,36.13950239,128.3455231,gumi.nid.or.kr,054-480-4880,054-480-4069,2019-12-31
경상북도구미시선산치매안심센터,경상북도,구미시 선산,39112,"경북 구미시 선산읍 선주로 121 (동부리, 선산보건소)",치매안심센터,3308033,4719025000,4719025000,36.24417904,128.2999491,gumiss.nid.or.kr,054-480-4352,054-480-4129,2019-03-28
경상북도김천시치매안심센터,경상북도,김천시,39647,"경북 김천시 체육공원길 21 (지좌동, 치매안심센터)",치매안심센터,4718550,4715010800,4715057500,36.11973266,128.1445272,gch.nid.or.kr,054-421-2894,054-435-0060,2019-02-26
경상북도문경시치매안심센터,경상북도,문경시,36971,경북 문경시 점촌1길 13 (점촌동),통합건강증진센터 1층,4736622,4728010100,4728057000,36.59635348,128.1980094,gbmg.nid.or.kr,054-550-8134,054-550-4340,2019-10-16
경상북도봉화군치매안심센터,경상북도,봉화군,36238,"경북 봉화군 봉화읍 봉화로 1203 (내성리, 봉화군보건소)",봉화군보건소 3층 치매안심센터,3309081,4792025000,4792025000,36.89071878,128.7418543,bonghwa.nid.or.kr,054-679-6749,,2018-12-20
경상북도상주시치매안심센터,경상북도,상주시,37183,"경북 상주시 중앙로 111 (무양동, 상주시 의회청사)",상주시치매안심센터,3303047,4725010900,4725053000,36.41690111,128.1499972,sangju.nid.or.kr,054-537-6514,054-532-0311,2019-06-07
경상북도성주군치매안심센터,경상북도,성주군,40023,"경북 성주군 성주읍 성밖숲길 12 (경산리, 성주군보건소)",성주군치매안심센터,4763204,4784025000,4784025000,35.91738188,128.2786954,sj.nid.or.kr,054-930-8191,054-930-8139,2018-09-10
경상북도안동시치매안심센터,경상북도,안동시,36725,경북 안동시 보현로 12 (용상동),안동시치매안심센터,3307019,4717010300,4717051000,36.55003666,128.758853,andong.nid.or.kr,054-840-5779,054-821-0178,2019-12-16
경상북도영덕군치매안심센터,경상북도,영덕군,36431,"경북 영덕군 영덕읍 군청길 53 (덕곡리, 보건소)",영덕군치매안심센터,3018013,4777025024,4777025000,36.41360347,129.3734372,yd.nid.or.kr,054-730-7177,054-730-6179,2019-07-01
경상북도영양군치매안심센터,경상북도,영양군,36540,"경북 영양군 영양읍 동서대로 82 (동부리, 영양군 보건소)",3층 치매안심센터,2317001,4776025021,4776025000,36.66194588,129.1180639,yyg.nid.or.kr,054-680-5126,054-680-5899,2019-10-14
경상북도영주시치매안심센터,경상북도,영주시,36079,"경북 영주시 영주로159번길 73 (영주동, 치매안심센터)",치매안심센터,3309085,4721010100,4721059000,36.82876451,128.616018,yeongju.nid.or.kr,054-639-5733,054-639-5749,2018-07-16
경상북도영천시치매안심센터,경상북도,영천시,38849,"경북 영천시 옛군청1길 31 (문내동, 영천시 보건소)",영천시 치매안심센터,4730468,4723010400,4723052000,35.9687455,128.9324014,yc.nid.or.kr,054-339-7845,,2018-11-08
경상북도예천군치매안심센터,경상북도,예천군,36822,"경북 예천군 예천읍 군청길 33 (노상리, 예천군보건소)",예천군치매안심센터,3307052,4790025022,4790025000,36.65769827,128.4529779,ycg.nid.or.kr,054-650-8102,054-650-8049,2019-06-17
경상북도울릉군치매안심센터,경상북도,울릉군,40217,"경북 울릉군 울릉읍 울릉순환로 396-18 (도동리, 보건의료원)",3층 치매안심센터,3326001,4794025024,4794025000,37.48594062,130.8994626,ulleung.nid.or.kr,054-790-6827,,2018-05-18
경상북도울진군치매안심센터,경상북도,울진군,36324,"경북 울진군 울진읍 읍내8길 61-8 (읍내리, 울진군보건소)",,4775283,4793025000,4793025000,36.99621631,129.4045994,uljin.nid.or.kr,054-789-5025,,2019-06-14
경상북도의성군치매안심센터,경상북도,의성군,37343,"경북 의성군 의성읍 구봉길 228 (도서리, 의성군보건소)",의성군보건소 4층 치매안심센터,4745043,4773025025,4773025000,36.34571691,128.6975779,usc.nid.or.kr,054-830-6488,054-834-0669,2019-12-16
경상북도청도군치매안심센터,경상북도,청도군,38321,경상북도 청도군 화양읍 산성강변길 472,청도군치매안심센터,3311079,4782025000,4782025000,35.654342,128.7381579,cheongdo.nid.or.kr,054-370-2672~3,054-373-9475,2019-09-24
경상북도청송군치매안심센터,경상북도,청송군,37433,"경북 청송군 청송읍 의료원길 19 (금곡리, 청송보건의료원)",청송군치매안심센터,4748246,4775025000,4775025000,36.43114271,129.051771,cs.nid.or.kr,054-870-7330,054-870-7349,2018-12-14
경상북도칠곡군치매안심센터,경상북도,칠곡군,39872,"경북 칠곡군 왜관읍 관문로1길 30 (매원리, 칠곡군보건소)",칠곡군치매안심센터,4766044,4785025023,4785025000,35.99070797,128.4186406,chilgok.nid.or.kr,054-979-8391,054-979-8279,2018-10-25
경상북도포항시남구치매안심센터,경상북도,포항시 남구,37884,"경북 포항시 남구 오천읍 남원로 43 (원리, 포항시남구치매안심센터)",포항시 남구 치매안심센터,3000101,4711125621,4711157000,35.9704125,129.405147,phnamgu.nid.or.kr,054-270-8901,054-277-4260,2019-12-09
경상북도포항시북구치매안심센터,경상북도,포항시 북구,37607,"경북 포항시 북구 삼흥로 96 (장성동, 포항시북구보건소)",치매안심센터,3304015,4711312100,4219059500,36.07062625,129.3796607,phbukgu.nid.or.kr,054-270-8951,054-241-3363,2019-12-20
경상남도거제시치매안심센터,경상남도,거제시,53256,경남 거제시 거제중앙로13길 25 (고현동),거제시치매안심센터,3337066,4831011300,4831060000,34.88218346,128.6236988,geoje.nid.or.kr,055-639-6226,055-639-6129,2018-12-05
경상남도거창군치매안심센터,경상남도,거창군,50142,"경남 거창군 거창읍 거함대로 3079 (송정리, 보건소)",거창군치매안심센터,2346002,4888025000,4888025000,35.68106359,127.8984935,geochang.nid.or.kr,055-940-7910,055-940-7908,2018-10-19
경상남도고성군치매안심센터,경상남도,고성군,52942,경남 고성군 고성읍 중앙로 35 (성내리),2층 고성군 치매안심센터,4826072,4882025000,4882025000,34.97451553,128.324447,goseong.nid.or.kr,055-670-4851,055-670-4059,2018-11-08
경상남도김해시치매안심센터,경상남도,김해시,50827,"경남 김해시 분성로727번길 8-35 (지내동, 김해시동부지역치매안심센터)",김해 치매안심센터,3335031,4825012100,4825054000,35.22998273,128.9226668,gimhae.nid.or.kr,055-320-5961,,2020-09-21
경상남도남해군치매안심센터,경상남도,남해군,52413,"경남 남해군 남해읍 선소로 6 (북변리, 남해군보건소)",남해군 치매안심센터,3343022,4884025000,4884025000,34.84474988,127.8987857,namhae.nid.or.kr,055-860-8691,055-860-8798,2018-12-24
경상남도창원시마산치매안심센터,경상남도,창원시,51742,"경남 창원시 마산합포구 월영동북로 15 (해운동, 마산보건소)",치매안심센터,3329039,4812515800,4812553000,35.18239851,128.5628997,masan.nid.or.kr,055-225-5996,055-225-4770,2019-07-03
경상남도밀양시치매안심센터,경상남도,밀양시,50437,"경남 밀양시 삼문중앙로 41 (삼문동, 밀양시보건소)",밀양시보건소 별관 3층 치매안심센터,3336035,4827010400,4827052000,35.48567011,128.7560608,miryang.nid.or.kr,055-359-7086,055-359-7099,2018-11-07
경상남도사천시치매안심센터,경상남도,사천시,52551,경남 사천시 중앙로 212 (벌리동),사천시치매안심센터,3334034,4824010800,4824033000,34.94435219,128.0811474,sacheon.nid.or.kr,055-831-5860,055-831-5889,2019-07-11
경상남도산청군치매안심센터,경상남도,산청군,52225,"경남 산청군 산청읍 중앙로 97 (지리, 산청군보건의료원)",별관 1층,3345047,4886025000,4886025000,35.4160819,127.8842361,sancheong.nid.or.kr,"055-970-7633~34,36,47~49",055-970-7619,2019-10-17
경상남도양산시치매안심센터,경상남도,양산시,50623,경상남도 양산시 중앙로 7-32 (다방동 보건복지센터),"3, 7층",3338038,4833010300,4833051000,35.33215714,129.0379947,yangsan.nid.or.kr,055-392-5175,055-392-5719,2018-03-29
경상남도의령군치매안심센터,경상남도,의령군,52151,"경남 의령군 의령읍 의병로8길 16-1 (서동리, 항노화센터 및 치매안심센터)","1층,4층",3339053,4872025021,4872025000,35.31740278,128.2554404,uiryeong.nid.or.kr,055-570-4070,055-570-4089,2019-07-01
경상남도진주시치매안심센터,경상남도,진주시,52732,"경남 진주시 월아산로 2026 (초전동, 경상남도청 서부청사)","1층, 진주시 치매안심센터",3332043,4817012200,4817025000,35.21470009,128.1229151,jinju.nid.or.kr,055-749-5778,055-749-5799,2018-11-26
경상남도창원시진해치매안심센터,경상남도,진해구,51680,"경남 창원시 진해구 중원동로 62 (중앙동, 서부보건지소)",4층 치매안심센터,3331060,4812912600,4812953000,35.14989059,128.6619377,jinhae.nid.or.kr,055-225-6692,055-225-4772,2019-05-31
경상남도창녕군치매안심센터,경상남도,창녕군,50317,"경남 창녕군 창녕읍 군청1길 37 (교리, 창녕군 보건소)",창녕군 치매안심센터,4863475,4874025022,4874025000,35.5436574,128.4901131,cng.nid.or.kr,055-530-7503,055-530-6299,2018-07-24
경상남도창원시치매안심센터,경상남도,창원시,51503,"경남 창원시 성산구 마디미로73번길 10 (상남동, 창원보건소 치매안심센터)",상남동 37-3,2327003,4812312700,4812155000,35.21832577,128.6823024,changwon.nid.or.kr,055-225-5748,055-225-4767,2019-12-04
경상남도통영시치매안심센터,경상남도,통영시,53038,"경남 통영시 안개4길 102 (무전동, 통영시치매안심센터)",통영시 치매안심센터 2층,4799300,4822011100,4822070000,34.85981086,128.4323367,tongyeong.nid.or.kr,055-650-6100,055-650-6599,2019-09-23
경상남도하동군치매안심센터,경상남도,하동군,52319,"경남 하동군 횡천면 경서대로 1189 (횡천리, 횡천중학교)",하동군치매안심센터,3344003,4885025000,4885025000,35.10953824,127.8164709,hadong.nid.or.kr,055-880-6850,055-880-6799,2018-12-27
경상남도함안군치매안심센터,경상남도,함안군,52066,"경남 함안군 군북면 함마대로 768-3 (중암리, 군북면보건지소)",,4820511,4873025000,4873025000,35.26395038,128.3428448,haman.nid.or.kr,055-580-3245,055-580-3129,2018-05-31
경상남도함양군치매안심센터,경상남도,함양군,50039,"경남 함양군 함양읍 한들로 141 (용평리, 함양군보건소)",함양군치매안심센터,3346023,4887025000,4887025000,35.5196763,127.7317814,hygn.nid.or.kr,055-960-8080,055-964-1908,2018-09-28
경상남도합천군치매안심센터,경상남도,합천군,50232,"경남 합천군 합천읍 동서로 39 (합천리, 종합사회복지관)","1층,2층 합천군치매안심센터",3348045,4889025000,4889025000,35.56792811,128.1567534,hc.nid.or.kr,055-930-4092,,2017-12-28
제주도서귀포시동부치매안심센터,제주특별자치도,제주도 서귀포시 동부,63620,"제주특별자치도 서귀포시 남원읍 태위로 527 (남원리, 동부보건소)",2층 치매안심센터,3350268,5013025300,5013025300,33.27562846,126.7034249,seogwipodb.nid.or.kr,064-760-6125,064-764-1856,2018-07-31
제주도서귀포시치매안심센터,제주특별자치도,제주도 서귀포시 서귀포,63584,"제주특별자치도 서귀포시 중앙로101번길 52 (서홍동, 서귀포보건소)",별관 치매안심센터,4850812,5013010600,5013054000,33.25348127,126.5553573,seogwipo.nid.or.kr,064-760-6555,,2018-07-31
제주도서귀포시서부치매안심센터,제주특별자치도,제주도 서귀포시 서부,63513,"제주특별자치도 서귀포시 대정읍 최남단해안로15번길 12 (하모리, 서부보건소)",치매안심센터 2층,3349003,5011025000,5011025000,33.21867194,126.2532449,seogwiposb.nid.or.kr,064-760-6249,064-760-6219,2018-05-01
제주도제주시동부치매안심센터,제주특별자치도,제주도 제주시 동부,63357,"제주특별자치도 제주시 구좌읍 김녕로14길 6 (김녕리, 동부보건소)",치매안심센터,3349030,5011025600,5011025600,33.55435153,126.751328,jejudongbu.nid.or.kr,064-728-7551,064-728-7569,2018-08-03
제주도제주시치매안심센터,제주특별자치도,제주도 제주시 제주,63219,"제주특별자치도 제주시 연삼로 264 (도남동, 제주보건소)",제주보건소 별관 2층 치매안심센터,3349137,5011012900,5011054000,33.49159994,126.5202379,jejuansim.nid.or.kr,064-728-8500,064-728-8509,2018-09-20
제주도제주시서부치매안심센터,제주특별자치도,제주도 제주시 서부,63028,"제주특별자치도 제주시 한림읍 강구로 5 (한림리, 서부보건소)",치매안심센터,3349003,5011025000,5011025000,33.41208361,126.2695292,jejuseobu.nid.or.kr,064-728-8661,064-728-4149,2018-06-20
