센터ID,프로그램ID
C0001,P0001
C0001,P0002
C0002,P0003
C0002,P0004
C0002,P0005
C0002,P0006
C0002,P0007
C0003,P0008
C0003,P0009
C0003,P0010
C0003,P0011
C0003,P0012
C0003,P0013
C0003,P0014
C0003,P0015
C0003,P0016
C0003,P0017
C0004,P0018
C0004,P0019
C0004,P0020
C0004,P0021
C0004,P0022
C0004,P0023
C0005,P0024
C0005,P0025
C0005,P0026
C0005,P0027
C0005,P0028
C0006,P0004
C0006,P0029
C0006,P0030
C0006,P0031
C0006,P0006
C0006,P0032
C0006,P0033
C0007,P0034
C0007,P0035
C0007,P0036
C0008,P0037
C0008,P0038
C0008,P0039
C0008,P0040
C0008,P0041
C0009,P0004
C0009,P0042
C0009,P0043
C0009,P0044
C0009,P0045
C0011,P0004
C0011,P0046
C0011,P0047
C0011,P0048
C0011,P0049
C0012,P0050
C0012,P0004
C0012,P0051
C0012,P0052
C0012,P0053
C0012,P0054
C0012,P0055
C0013,P0056
C0013,P0057
C0013,P0058
C0013,P0053
C0013,P0059
C0014,P0060
C0014,P0061
C0014,P0062
C0014,P0063
C0014,P0064
C0015,P0065
C0016,P0066
C0016,P0067
C0016,P0068
C0017,P0004
C0017,P0069
C0017,P0055
C0017,P0070
C0017,P0071
C0018,P0004
C0018,P0072
C0018,P0073
C0019,P0074
C0019,P0075
C0019,P0053
C0019,P0076
C0019,P0077
C0020,P0078
C0021,P0079
C0021,P0080
C0021,P0081
C0021,P0082
C0021,P0083
C0021,P0084
C0021,P0085
C0021,P0086
C0021,P0087
C0022,P0088
C0023,P0089
C0023,P0090
C0023,P0091
C0023,P0092
C0023,P0093
C0024,P0001
C0024,P0094
C0024,P0095
C0024,P0096
C0024,P0097
C0024,P0098
C0025,P0004
C0025,P0067
C0025,P0099
C0026,P0100
C0026,P0101
C0026,P0102
C0026,P0103
C0026,P0104
C0026,P0006
C0026,P0105
C0026,P0106
C0027,P0004
C0027,P0107
C0027,P0108
C0027,P0109
C0028,P0110
C0028,P0111
C0028,P0112
C0028,P0113
C0028,P0114
C0029,P0004
C0029,P0115
C0029,P0116
C0029,P0117
C0030,P0004
C0030,P0009
C0030,P0115
C0030,P0118
C0031,P0119
C0031,P0120
C0031,P0121
C0031,P0122
C0031,P0123
C0032,P0004
C0032,P0124
C0032,P0125
C0032,P0126
C0033,P0004
C0033,P0006
C0033,P0115
C0033,P0127
C0034,P0128
C0034,P0129
C0034,P0030
C0034,P0130
C0034,P0004
C0034,P0131
C0034,P0132
C0035,P0004
C0035,P0133
C0035,P0132
C0036,P0004
C0036,P0134
C0036,P0108
C0036,P0135
C0036,P0136
C0036,P0137
C0036,P0138
C0037,P0139
C0038,P0140
C0038,P0141
C0038,P0142
C0038,P0143
C0039,P0144
C0039,P0004
C0039,P0145
C0039,P0146
C0039,P0147
C0039,P0148
C0039,P0130
C0039,P0149
C0039,P0150
C0040,P0151
C0040,P0008
C0040,P0152
C0040,P0153
C0041,P0154
C0041,P0050
C0041,P0097
C0041,P0006
C0041,P0155
C0041,P0102
C0041,P0156
C0041,P0157
C0041,P0158
C0041,P0159
C0042,P0160
C0043,P0161
C0043,P0162
C0043,P0163
C0043,P0164
C0043,P0165
C0044,P0001
C0044,P0107
C0044,P0166
C0045,P0167
C0046,P0004
C0046,P0125
C0046,P0168
C0046,P0107
C0046,P0169
C0046,P0010
C0046,P0170
C0046,P0171
C0046,P0106
C0047,P0004
C0047,P0107
C0047,P0172
C0047,P0173
C0048,P0004
C0048,P0174
C0048,P0175
C0049,P0176
C0049,P0177
C0049,P0178
C0049,P0019
C0049,P0179
C0049,P0180
C0049,P0181
C0050,P0182
C0050,P0101
C0050,P0084
C0050,P0103
C0050,P0183
C0050,P0055
C0050,P0184
C0050,P0185
C0050,P0186
C0051,P0187
C0051,P0188
C0051,P0189
C0051,P0108
C0051,P0190
C0051,P0111
C0051,P0191
C0052,P0192
C0052,P0193
C0052,P0084
C0052,P0194
C0052,P0195
C0052,P0196
C0052,P0197
C0053,P0004
C0053,P0125
C0053,P0198
C0053,P0061
C0053,P0199
C0053,P0200
C0054,P0019
C0054,P0201
C0054,P0202
C0054,P0203
C0055,P0204
C0055,P0205
C0055,P0051
C0055,P0206
C0055,P0207
C0055,P0208
C0055,P0209
C0055,P0210
C0056,P0211
C0056,P0177
C0056,P0212
C0057,P0187
C0057,P0188
C0057,P0189
C0057,P0108
C0057,P0190
C0057,P0111
C0057,P0191
C0058,P0034
C0058,P0213
C0058,P0214
C0058,P0215
C0059,P0009
C0059,P0216
C0059,P0156
C0060,P0217
C0060,P0218
C0060,P0171
C0060,P0130
C0060,P0031
C0060,P0219
C0060,P0220
C0060,P0221
C0060,P0222
C0060,P0223
C0060,P0224
C0060,P0225
C0061,P0004
C0061,P0226
C0061,P0227
C0061,P0030
C0061,P0013
C0061,P0228
C0062,P0229
C0063,P0230
C0063,P0231
C0063,P0232
C0063,P0233
C0063,P0030
C0063,P0234
C0064,P0004
C0064,P0006
C0064,P0031
C0064,P0235
C0065,P0004
C0065,P0133
C0065,P0236
C0065,P0237
C0066,P0238
C0067,P0205
C0067,P0239
C0067,P0240
C0067,P0241
C0068,P0242
C0069,P0004
C0069,P0243
C0069,P0227
C0069,P0165
C0070,P0242
C0071,P0244
C0071,P0079
C0071,P0245
C0071,P0227
C0071,P0246
C0072,P0247
C0073,P0205
C0073,P0046
C0073,P0248
C0075,P0249
C0075,P0250
C0075,P0251
C0076,P0066
C0076,P0178
C0076,P0009
C0076,P0252
C0077,P0171
C0077,P0253
C0077,P0254
C0077,P0255
C0077,P0256
C0077,P0257
C0081,P0100
C0081,P0134
C0081,P0008
C0081,P0254
C0081,P0010
C0081,P0258
C0081,P0259
C0081,P0260
C0081,P0102
C0081,P0104
C0081,P0261
C0081,P0262
C0081,P0263
C0081,P0171
C0081,P0264
C0082,P0004
C0082,P0265
C0082,P0266
C0082,P0267
C0082,P0268
C0083,P0205
C0083,P0201
C0083,P0269
C0084,P0270
C0084,P0004
C0084,P0198
C0084,P0271
C0084,P0032
C0084,P0272
C0084,P0265
C0085,P0273
C0085,P0107
C0085,P0103
C0085,P0274
C0085,P0031
C0085,P0130
C0085,P0275
C0085,P0267
C0085,P0276
C0086,P0001
C0086,P0277
C0086,P0278
C0086,P0279
C0086,P0280
C0086,P0281
C0087,P0004
C0087,P0103
C0087,P0053
C0087,P0051
C0087,P0076
C0089,P0282
C0089,P0019
C0089,P0283
C0089,P0284
C0098,P0004
C0098,P0285
C0098,P0019
C0098,P0286
C0101,P0004
C0101,P0287
C0101,P0288
C0101,P0270
C0101,P0102
C0101,P0289
C0101,P0125
C0101,P0290
C0104,P0004
C0104,P0107
C0104,P0291
C0104,P0292
C0104,P0293
C0104,P0294
C0105,P0004
C0105,P0295
C0106,P0296
C0106,P0009
C0106,P0196
C0106,P0079
C0107,P0004
C0107,P0006
C0107,P0297
C0108,P0046
C0108,P0298
C0108,P0265
C0108,P0107
C0108,P0115
C0108,P0299
C0108,P0300
C0112,P0101
C0112,P0301
C0112,P0302
C0112,P0303
C0112,P0304
C0112,P0076
C0112,P0267
C0112,P0019
C0112,P0097
C0112,P0305
C0112,P0288
C0113,P0249
C0113,P0100
C0113,P0019
C0113,P0306
C0113,P0130
C0113,P0307
C0114,P0101
C0114,P0308
C0114,P0309
C0114,P0310
C0114,P0311
C0114,P0312
C0114,P0313
C0114,P0314
C0114,P0315
C0115,P0316
C0115,P0079
C0117,P0101
C0117,P0317
C0117,P0318
C0117,P0319
C0118,P0066
C0118,P0320
C0119,P0321
C0120,P0101
C0120,P0322
C0120,P0323
C0120,P0324
C0123,P0134
C0123,P0008
C0123,P0325
C0123,P0010
C0123,P0326
C0124,P0101
C0124,P0009
C0124,P0327
C0124,P0328
C0125,P0329
C0125,P0125
C0125,P0097
C0125,P0330
C0125,P0331
C0125,P0332
C0126,P0004
C0126,P0046
C0126,P0102
C0126,P0333
C0127,P0004
C0127,P0334
C0127,P0201
C0127,P0335
C0127,P0336
C0127,P0337
C0127,P0338
C0127,P0130
C0128,P0291
C0128,P0339
C0128,P0030
C0129,P0340
C0130,P0034
C0130,P0288
C0130,P0341
C0130,P0086
C0130,P0342
C0130,P0158
C0130,P0102
C0130,P0343
C0131,P0344
C0132,P0034
C0132,P0345
C0132,P0115
C0132,P0346
C0132,P0347
C0132,P0076
C0132,P0348
C0132,P0349
C0132,P0350
C0133,P0351
C0133,P0101
C0133,P0102
C0133,P0103
C0133,P0104
C0133,P0006
C0133,P0105
C0133,P0106
C0134,P0352
C0134,P0353
C0134,P0354
C0134,P0355
C0134,P0356
C0134,P0357
C0134,P0358
C0134,P0359
C0134,P0360
C0135,P0066
C0135,P0361
C0135,P0362
C0135,P0363
C0135,P0364
C0135,P0365
C0135,P0366
C0135,P0367
C0135,P0368
C0135,P0369
C0135,P0283
C0135,P0107
C0135,P0370
C0135,P0326
C0136,P0371
C0136,P0372
C0136,P0373
C0136,P0046
C0136,P0171
C0136,P0374
C0136,P0102
C0136,P0375
C0136,P0376
C0136,P0377
C0137,P0378
C0137,P0379
C0137,P0020
C0137,P0380
C0138,P0381
C0138,P0382
C0138,P0383
C0138,P0384
C0138,P0106
C0139,P0074
C0139,P0385
C0139,P0386
C0140,P0115
C0141,P0001
C0141,P0387
C0141,P0302
C0141,P0388
C0142,P0389
C0143,P0115
C0143,P0296
C0143,P0169
C0144,P0102
C0144,P0156
C0144,P0009
C0145,P0004
C0145,P0390
C0145,P0391
C0146,P0196
C0146,P0004
C0146,P0341
C0146,P0392
C0147,P0393
C0148,P0394
C0148,P0111
C0148,P0395
C0148,P0113
C0148,P0396
C0148,P0397
C0149,P0052
C0149,P0398
C0149,P0399
C0149,P0086
C0149,P0400
C0149,P0401
C0149,P0402
C0154,P0403
C0155,P0034
C0156,P0004
C0156,P0404
C0156,P0130
C0156,P0405
C0156,P0102
C0156,P0156
C0156,P0115
C0156,P0406
C0156,P0407
C0156,P0408
C0156,P0409
C0156,P0410
C0156,P0267
C0156,P0411
C0156,P0412
C0157,P0100
C0157,P0134
C0157,P0008
C0157,P0115
C0157,P0125
C0157,P0413
C0158,P0004
C0158,P0019
C0158,P0218
C0158,P0414
C0158,P0415
C0159,P0416
C0160,P0417
C0160,P0418
C0160,P0419
C0160,P0420
C0160,P0421
C0161,P0422
C0161,P0423
C0161,P0004
C0161,P0424
C0161,P0425
C0161,P0426
C0162,P0004
C0162,P0427
C0162,P0428
C0162,P0429
C0163,P0080
C0163,P0101
C0163,P0430
C0163,P0103
C0164,P0431
C0164,P0432
C0164,P0433
C0165,P0434
C0168,P0103
C0168,P0115
C0168,P0104
C0168,P0435
C0168,P0102
C0169,P0436
C0169,P0437
C0169,P0438
C0169,P0181
C0170,P0439
C0170,P0008
C0170,P0389
C0170,P0440
C0171,P0034
C0171,P0046
C0171,P0441
C0171,P0171
C0171,P0442
C0172,P0443
C0173,P0444
C0174,P0445
C0174,P0004
C0174,P0288
C0174,P0125
C0174,P0031
C0174,P0390
C0174,P0446
C0174,P0447
C0175,P0216
C0175,P0432
C0175,P0389
C0176,P0034
C0176,P0177
C0176,P0341
C0176,P0448
C0177,P0449
C0177,P0450
C0177,P0451
C0177,P0004
C0178,P0034
C0178,P0171
C0178,P0112
C0178,P0452
C0179,P0046
C0179,P0101
C0179,P0453
C0179,P0454
C0179,P0455
C0180,P0119
C0180,P0322
C0180,P0456
C0180,P0457
C0180,P0458
C0181,P0459
C0181,P0460
C0181,P0130
C0181,P0031
C0181,P0461
C0181,P0462
C0181,P0463
C0181,P0084
C0181,P0196
C0182,P0464
C0183,P0465
C0183,P0283
C0183,P0009
C0183,P0118
C0184,P0004
C0184,P0466
C0184,P0265
C0184,P0467
C0184,P0468
C0184,P0196
C0184,P0055
C0184,P0469
C0184,P0255
C0184,P0470
C0184,P0471
C0184,P0350
C0184,P0169
C0184,P0023
C0185,P0134
C0185,P0004
C0185,P0215
C0186,P0008
C0186,P0472
C0187,P0473
C0187,P0169
C0187,P0474
C0188,P0004
C0188,P0475
C0188,P0030
C0188,P0283
C0189,P0476
C0189,P0102
C0189,P0477
C0190,P0004
C0190,P0478
C0190,P0201
C0190,P0206
C0190,P0479
C0191,P0206
C0191,P0008
C0192,P0134
C0192,P0215
C0193,P0004
C0193,P0119
C0193,P0019
C0193,P0156
C0193,P0009
C0193,P0302
C0193,P0113
C0193,P0480
C0194,P0008
C0194,P0481
C0194,P0009
C0194,P0156
C0195,P0001
C0195,P0115
C0196,P0004
C0196,P0030
C0197,P0482
C0197,P0483
C0197,P0130
C0197,P0484
C0197,P0485
C0197,P0107
C0197,P0486
C0198,P0205
C0198,P0177
C0198,P0487
C0198,P0102
C0198,P0156
C0198,P0009
C0198,P0488
C0198,P0031
C0198,P0489
C0199,P0009
C0199,P0490
C0200,P0004
C0200,P0030
C0200,P0491
C0201,P0492
C0202,P0134
C0202,P0008
C0202,P0215
C0203,P0134
C0203,P0493
C0204,P0004
C0204,P0169
C0205,P0004
C0205,P0030
C0205,P0131
C0205,P0494
C0206,P0001
C0206,P0107
C0206,P0495
C0206,P0122
C0206,P0496
C0207,P0497
C0208,P0004
C0208,P0006
C0208,P0498
C0208,P0499
C0208,P0500
C0208,P0196
C0208,P0501
C0209,P0034
C0209,P0502
C0209,P0503
C0209,P0103
C0209,P0504
C0209,P0296
C0209,P0302
C0209,P0505
C0209,P0506
C0209,P0507
C0209,P0508
C0212,P0509
C0213,P0101
C0213,P0498
C0213,P0510
C0213,P0511
C0213,P0006
C0213,P0512
C0213,P0032
C0213,P0513
C0213,P0084
C0213,P0208
C0213,P0514
C0213,P0196
C0213,P0515
C0213,P0516
C0214,P0351
C0214,P0205
C0214,P0149
C0214,P0517
C0214,P0130
C0214,P0428
C0214,P0518
C0214,P0519
C0214,P0520
C0214,P0521
C0214,P0522
C0214,P0523
C0214,P0524
C0214,P0525
C0214,P0526
C0214,P0527
C0214,P0528
C0215,P0529
C0216,P0530
C0217,P0066
C0217,P0100
C0217,P0531
C0217,P0156
C0217,P0102
C0217,P0097
C0217,P0053
C0219,P0532
C0219,P0030
C0219,P0130
C0219,P0281
C0219,P0533
C0219,P0534
C0219,P0535
C0220,P0536
C0220,P0030
C0220,P0008
C0220,P0537
C0220,P0538
C0221,P0001
C0221,P0539
C0221,P0540
C0221,P0387
C0221,P0541
C0221,P0542
C0221,P0543
C0221,P0130
C0221,P0544
C0221,P0545
C0221,P0031
C0222,P0004
C0222,P0481
C0222,P0103
C0222,P0156
C0222,P0102
C0222,P0019
C0222,P0546
C0222,P0547
C0222,P0548
C0222,P0171
C0222,P0549
C0222,P0125
C0222,P0281
C0222,P0550
C0222,P0551
C0223,P0125
C0224,P0552
C0224,P0553
C0224,P0554
C0225,P0205
C0225,P0428
C0225,P0103
C0225,P0555
C0225,P0556
C0225,P0557
C0225,P0558
C0226,P0559
C0226,P0371
C0226,P0560
C0226,P0561
C0227,P0004
C0227,P0103
C0227,P0156
C0227,P0102
C0227,P0019
C0227,P0546
C0227,P0547
C0227,P0562
C0227,P0563
C0227,P0112
C0227,P0564
C0227,P0125
C0227,P0281
C0227,P0565
C0227,P0566
C0227,P0567
C0227,P0568
C0228,P0569
C0231,P0570
C0231,P0004
C0231,P0137
C0231,P0571
C0231,P0572
C0232,P0573
C0232,P0574
C0232,P0130
C0232,P0575
C0232,P0576
C0232,P0577
C0232,P0578
C0232,P0579
C0232,P0580
C0232,P0581
C0232,P0582
C0233,P0004
C0233,P0279
C0233,P0583
C0233,P0584
C0233,P0585
C0233,P0291
C0233,P0493
C0233,P0586
C0233,P0587
C0234,P0115
C0235,P0588
C0236,P0589
C0236,P0590
C0236,P0034
C0236,P0265
C0237,P0591
C0238,P0532
C0238,P0171
C0238,P0130
C0238,P0168
C0238,P0592
C0238,P0593
C0238,P0594
C0238,P0595
C0239,P0134
C0239,P0008
C0239,P0432
C0239,P0596
C0239,P0597
C0239,P0598
C0239,P0599
C0240,P0600
C0240,P0043
C0240,P0601
C0241,P0103
C0241,P0102
C0241,P0288
C0242,P0602
C0242,P0603
C0242,P0398
C0242,P0604
C0242,P0605
C0242,P0267
C0244,P0570
C0244,P0004
C0244,P0137
C0244,P0571
C0244,P0606
C0245,P0589
C0245,P0590
C0245,P0034
C0245,P0265
C0246,P0607
C0246,P0608
C0246,P0609
C0246,P0610
C0246,P0611
C0246,P0612
C0246,P0169
C0246,P0613
C0246,P0614
C0246,P0615
C0247,P0169
C0247,P0161
C0247,P0616
C0247,P0055
C0247,P0004
C0247,P0236
C0247,P0617
C0247,P0612
C0247,P0086
C0248,P0019
C0248,P0101
C0248,P0046
C0248,P0125
C0248,P0618
C0248,P0619
C0249,P0004
C0249,P0620
C0249,P0281
C0249,P0171
C0249,P0621
C0249,P0622
C0249,P0196
C0249,P0623
C0250,P0004
C0250,P0387
C0250,P0130
C0250,P0584
C0250,P0585
C0250,P0206
C0250,P0624
C0257,P0625
C0257,P0288
C0257,P0004
C0257,P0626
C0257,P0292
C0257,P0106
C0259,P0627
C0259,P0628
C0259,P0004
C0263,P0004
C0263,P0193
C0263,P0052
C0264,P0629
C0264,P0630
C0264,P0631
C0264,P0632
C0264,P0633
C0265,P0004
C0265,P0283
C0269,P0101
C0269,P0317
C0269,P0318
C0269,P0319
C0270,P0634
C0272,P0101
C0272,P0322
C0272,P0323
C0272,P0324
C0273,P0101
C0273,P0322
C0273,P0323
C0273,P0635
C0273,P0324
C0274,P0101
C0274,P0322
C0274,P0323
C0274,P0324
C0277,P0351
C0278,P0636
C0278,P0637
C0279,P0101
C0279,P0308
C0279,P0309
C0279,P0310
C0279,P0311
C0279,P0312
C0279,P0313
C0279,P0314
C0279,P0315
C0280,P0296
C0280,P0009
C0280,P0196
C0280,P0079
C0281,P0296
C0281,P0009
C0281,P0196
C0281,P0079
C0282,P0004
C0282,P0285
C0282,P0019
C0282,P0286
C0283,P0004
C0283,P0285
C0283,P0019
C0283,P0286
C0284,P0004
C0284,P0204
C0284,P0638
C0287,P0103
C0287,P0302
C0287,P0639
C0292,P0004
C0292,P0640
C0292,P0019
C0292,P0156
C0292,P0055
C0292,P0236
C0292,P0280
C0292,P0641
C0292,P0642
C0292,P0643
C0292,P0644
C0293,P0004
C0293,P0640
C0293,P0019
C0293,P0156
C0293,P0055
C0293,P0236
C0293,P0280
C0293,P0641
C0293,P0642
C0293,P0643
C0293,P0644
C0294,P0004
C0294,P0640
C0294,P0019
C0294,P0156
C0294,P0055
C0294,P0236
C0294,P0280
C0294,P0641
C0294,P0642
C0294,P0643
C0294,P0644
C0295,P0004
C0295,P0640
C0295,P0019
C0295,P0156
C0295,P0055
C0295,P0236
C0295,P0280
C0295,P0641
C0295,P0642
C0295,P0643
C0295,P0644
C0296,P0645
C0296,P0646
C0296,P0647
C0296,P0642
C0296,P0648
C0296,P0649
C0296,P0644
C0298,P0004
C0298,P0125
C0298,P0650
C0298,P0651
C0300,P0074
C0300,P0102
C0300,P0104
C0300,P0652
C0300,P0130
C0300,P0200
C0303,P0653
C0303,P0654
C0303,P0655
C0304,P0476
C0304,P0102
C0304,P0477
C0307,P0656
C0308,P0657
C0308,P0658
C0312,P0008
C0312,P0009
C0312,P0010
C0312,P0011
C0312,P0012
C0312,P0013
C0312,P0014
C0312,P0015
C0312,P0016
C0312,P0017
C0313,P0004
C0313,P0498
C0313,P0272
C0314,P0265
C0314,P0659
C0314,P0660
C0314,P0661
C0318,P0662
C0321,P0004
C0321,P0107
C0321,P0291
C0321,P0292
C0321,P0293
C0321,P0294
C0322,P0249
C0322,P0100
C0322,P0019
C0322,P0306
C0322,P0130
C0322,P0307
C0324,P0134
C0324,P0009
C0324,P0663
C0326,P0242
C0327,P0242
C0332,P0291
C0332,P0664
C0333,P0024
C0333,P0665
C0335,P0004
C0335,P0119
C0335,P0206
C0335,P0666
C0336,P0249
C0336,P0100
C0336,P0019
C0336,P0306
C0336,P0130
C0336,P0307
C0340,P0667
C0340,P0668
C0340,P0669
C0340,P0670
C0341,P0134
C0341,P0008
C0341,P0597
C0341,P0598
C0341,P0599
C0345,P0671
C0345,P0119
C0345,P0672
C0345,P0673
C0346,P0671
C0346,P0119
C0346,P0672
C0346,P0673
C0349,P0119
C0349,P0004
C0349,P0639
C0349,P0674
C0349,P0031
C0349,P0043
C0349,P0675
C0349,P0676
C0349,P0677
C0351,P0273
C0351,P0301
C0351,P0165
C0352,P0004
C0352,P0678
C0353,P0004
C0353,P0133
C0353,P0132
C0354,P0066
C0354,P0320
C0355,P0066
C0355,P0320
C0356,P0679
C0356,P0680
C0356,P0681
C0356,P0682
C0357,P0066
C0357,P0178
C0357,P0009
C0357,P0252
C0358,P0249
C0358,P0100
C0358,P0019
C0358,P0306
C0358,P0130
C0358,P0307
C0359,P0001
C0359,P0683
C0359,P0218
